"id","iv.Group","iv.set","iv.order","startdate","submitdate","valid.row","experiment.count","lastpage","Consent","Tutorial","Experience","notation.experience","Total.Time","Concent.Time","Tutorial.Time","Survey.Time","Gender","Age","Degree","Role.count","Role.R1","Role.R2","Role.R3","Role.R4","Role.R5","Role.R6","Role.R7","Role.R8","Role.R9","Role.R10","Role.other","Bias.count","Bias.B1","Bias.B2","Bias.B3","Bias.B4","Bias.B5","Bias.B6","Bias.B7","Bias.B8","Bias.B9","Bias.B10","Bias.other","IT","Work","Training","Notation.count","Notation.None","Notation.BPMN","Notation.EPC","Notation.UMLAD","Notation.UML","Notation.CMMN","Notation.other","A.perceived","A.Correct","A.Time","A.Efficacy","A.Efficiency","iv.A.model","iv.A.name","iv.A.CC","iv.A.CL","iv.A.CS","iv.A.CAS","iv.A.CS.SC","iv.A.CS.SS","iv.A.CS.SDS","iv.A.CS.SPF","iv.A.CS.DI","iv.A.CS.PT","iv.A.CS.PDT","iv.A.CS.PE","iv.A.CS.PM","iv.A.CS.OC","iv.A.CAS.DCP","iv.A.CAS.DEP","iv.A.CAS.DAC","iv.A.CAS.DC","iv.A.CAS.DE","iv.A.CAS.DMA","iv.A.CAS.DRN","iv.A.CAS.DR","iv.A.CAS.SE","iv.A.CAS.SX","iv.A.CAS.MH","iv.A.CAS.MP","iv.A.CAS.MC","iv.A.CAS.MHB","iv.A.CAS.MT","B.perceived","B.Correct","B.Time","B.Efficacy","B.Efficiency","iv.B.model","iv.B.name","iv.B.CC","iv.B.CL","iv.B.CS","iv.B.CAS","iv.B.CS.SC","iv.B.CS.SS","iv.B.CS.SDS","iv.B.CS.SPF","iv.B.CS.DI","iv.B.CS.PT","iv.B.CS.PDT","iv.B.CS.PE","iv.B.CS.PM","iv.B.CS.OC","iv.B.CAS.DCP","iv.B.CAS.DEP","iv.B.CAS.DAC","iv.B.CAS.DC","iv.B.CAS.DE","iv.B.CAS.DMA","iv.B.CAS.DRN","iv.B.CAS.DR","iv.B.CAS.SE","iv.B.CAS.SX","iv.B.CAS.MH","iv.B.CAS.MP","iv.B.CAS.MC","iv.B.CAS.MHB","iv.B.CAS.MT","C.Compare","iv.C.obs","iv.C.calc","iv.C.CC","iv.C.order3.CC","iv.C.order15.CC","iv.C.CL","iv.C.order3.CL","iv.C.order15.CL","iv.C.CS","iv.C.order3.CS","iv.C.order15.CS","iv.C.CAS","iv.C.order3.CAS","iv.C.order15.CAS","Weights.count","Weights.CasePlan","Weights.Stage","Weights.DStage","Weights.PlanFrag","Weights.CFileItem","Weights.Task","Weights.DTask","Weights.NBHTask","Weights.ProcTask","Weights.CaseTask","Weights.CaseTasknim","Weights.BHTask","Weights.Event","Weights.UserEvent","Weights.TimerEvent","Weights.Milestone","Weights.Connector","Weights.HumanIcon","Weights.CPlanningT","Weights.EPlanningT","Weights.AComplete","Weights.Collapsed","Weights.Expanded","Weights.ManualA","Weights.Repetition","Weights.Required","Weights.EntryCritWC","Weights.EntryCrit","Weights.ExitCritWC","Weights.ExitCrit","Weights.EntryCritAND","Weights.EntryCritOR","Weights.ExitCritAND","Weights.ExitCritOR","Charity","Charity.other"
113,24,13,2,"2016-06-16 07:57:38","2016-06-16 08:35:52",1,5,8,1,1,,6,2297.26,90.73,1711.13,495.4,"M",25,4,2,,,,1,,,,,1,,,3,,1,,1,,1,,,,,,4,3,20,4,,1,,1,1,1,,3,2.75,174.94,0.55,0.0157196753172516,5,"m5a",102,4,45,45,3,0,2,1,4,3,8,7,5,12,2,2,2,1,2,1,1,2,10,4,7,0,4,3,4,5,3,111.89,0.6,0.0268120475466977,4,"m4b",96,4,40,50,1,4,4,1,4,2,11,2,5,6,2,3,3,3,6,3,2,2,9,2,0,2,1,10,2,1,"m5vs4","m5vs4",4.43,"A>B","m5>m4",5,"A=B","m5=m4",2.78,"A>B","m5>m4",7.22,"A<B","m5<m4",,,,,,,,,,,,,,,,,,,,,,,,,,,,,,,,,,,,"A4",
115,26,5,2,"2016-06-16 10:08:30","2016-06-16 19:34:54",1,5,8,1,1,,6,2273.45,34.89,40.63,2197.93,"M",58,5,1,,,,,,,,1,,,,3,,1,,1,,1,,,,,,20,10,40,3,,1,,1,,1,,2,3,1512.87,0.6,0.00198298598028912,6,"m6a",114,4,37,53,1,1,8,0,1,5,10,2,3,6,4,6,2,0,9,3,2,3,3,4,10,0,0,6,1,2,3,246.34,0.6,0.0121782901680604,1,"m1b",72,2,44,46,4,5,0,0,8,10,0,0,5,12,4,0,7,5,0,5,3,5,3,4,1,0,2,7,0,5,"m6vs1","m6vs1",1,"A>B","m6>m1",2.33,"A>B","m6>m1",8.11,"A<B","m6<m1",1.89,"A>B","m6>m1",,,,,,,,,,,,,,,,,,,,,,,,,,,,,,,,,,,,"A3",
116,27,9,2,"2016-06-16 13:36:36","2016-06-16 16:36:03",1,5,8,1,2,1,6,10770.2,21.05,0,10749.15,"M",30,4,4,,1,,1,1,,1,,,,,3,,1,,1,,1,,,,,,7,6,2,5,,1,,1,1,1,"Data Flow Diagrams (context models), state diagrams, ",2,4,10248.9,0.8,0.00039028578676736,6,"m6a",114,4,37,53,1,1,8,0,1,5,10,2,3,6,4,6,2,0,9,3,2,3,3,4,10,0,0,6,1,3,3,96.54,0.6,0.0310752019888129,2,"m2b",82,5,36,54,1,5,1,1,1,7,5,1,1,13,3,2,5,4,3,2,8,0,10,4,2,1,1,8,1,3,"m6vs2","m6vs2",1.95,"A>B","m6>m2",6.33,"A<B","m6<m2",4.56,"A=B","m6=m2",5.44,"A=B","m6=m2",,,,,,,,,,,,,,,,,,,,,,,,,,,,,,,,,,,,"A4",
120,1,1,1,"2016-06-17 08:58:11","2016-06-17 13:36:28",1,5,8,1,1,,4,451.7,9.22,31.71,410.77,"M",49,5,6,,,1,1,1,1,1,1,,,,1,,,,,1,,,,,,,30,17,3,1,,1,,,,,,2,2,62.83,0.4,0.0318319274232055,1,"m1a",72,2,44,46,4,5,0,0,8,10,0,0,5,12,4,0,7,5,0,5,3,5,3,4,1,0,2,7,0,2,3,141.97,0.6,0.0211312249066704,2,"m2a",82,5,36,54,1,5,1,1,1,7,5,1,1,13,3,2,5,4,3,2,8,0,10,4,2,1,1,8,1,8,"m1vs2","m2vs1",4.05,"A>B","m2>m1",1,"A>B","m2>m1",8.56,"A<B","m2<m1",1.44,"A>B","m2>m1",,,,,,,,,,,,,,,,,,,,,,,,,,,,,,,,,,,,"A3",
121,2,2,1,"2016-06-17 22:26:28","2016-06-18 04:09:54",1,5,8,1,1,,4,4754.94,18.66,2952.08,1784.2,"M",74,5,3,,1,,,,,1,,,,"Business Systems Consultant",4,,1,,1,,1,,,,,"CMMN wil transform knowledge management",50,20,0,2,,1,,1,,,,3,4,371.27,0.8,0.0107738303660409,1,"m1a",72,2,44,46,4,5,0,0,8,10,0,0,5,12,4,0,7,5,0,5,3,5,3,4,1,0,2,7,0,5,4,319.38,0.8,0.0125242657649195,3,"m3a",87,5,42,48,1,9,7,0,4,6,1,1,5,8,0,4,2,10,6,5,2,2,2,7,0,0,0,8,0,8,"m1vs3","m3vs1",3.57,"A>B","m3>m1",1,"A>B","m3>m1",5.89,"A<B","m3<m1",4.11,"A>B","m3>m1",,,,,,,,,,,,,,,,,,,,,,,,,,,,,,,,,,,,,
122,3,3,1,"2016-06-17 22:57:24","2016-06-18 07:01:01",1,5,8,1,1,,6,5282.42,119.98,1819.67,3342.77,"M",,4,1,,,,,,,,,,,"IIT specialist",3,,,1,1,,1,,,,,,35,10,20,2,,,,,,1,"YAWL",5,4,1955.41,0.8,0.00204560680368823,1,"m1a",72,2,44,46,4,5,0,0,8,10,0,0,5,12,4,0,7,5,0,5,3,5,3,4,1,0,2,7,0,5,3,437.68,0.6,0.00685432279290806,4,"m4a",96,4,40,50,1,4,4,1,4,2,11,2,5,6,2,3,3,3,6,3,2,2,9,2,0,2,1,10,2,5,"m1vs4","m4vs1",2.71,"A>B","m4>m1",2.33,"A>B","m4>m1",6.78,"A<B","m4<m1",3.22,"A>B","m4>m1",,,,,,,,,,,,,,,,,,,,,,,,,,,,,,,,,,,,"A3",
124,5,5,1,"2016-06-19 20:57:11","2016-06-19 22:24:13",1,6,8,1,1,,6,5223.56,172.43,4112,939.13,"M",36,4,1,,,,,,,,,,,"implementation provider",4,,1,,1,,1,1,,,,,12,3,4,4,,1,,1,1,1,,5,4,267.01,0.8,0.0149807123328714,1,"m1a",72,2,44,46,4,5,0,0,8,10,0,0,5,12,4,0,7,5,0,5,3,5,3,4,1,0,2,7,0,5,5,149.11,1,0.0335322915968077,6,"m6a",114,4,37,53,1,1,8,0,1,5,10,2,3,6,4,6,2,0,9,3,2,3,3,4,10,0,0,6,1,6,"m1vs6","m6vs1",1,"A>B","m6>m1",2.33,"A>B","m6>m1",8.11,"A<B","m6<m1",1.89,"A>B","m6>m1",12,,,,3,1,,,,,,4,,3,,2,1,,,,,,,,2,4,,6,,,4,5,,,5,"A2",
126,7,6,1,"2016-06-21 07:43:44","2016-06-29 11:28:12",1,5,8,1,1,,6,4069.41,14.28,1880.21,2174.92,"M",48,4,1,,,,,,,,,,1,,1,,,,1,,,,,,,,25,2,0,1,,,,,,1,,,2.75,1206.42,0.55,0.00227947149417284,2,"m2a",82,5,36,54,1,5,1,1,1,7,5,1,1,13,3,2,5,4,3,2,8,0,10,4,2,1,1,8,1,5,4,313.38,0.8,0.0127640564171294,3,"m3a",87,5,42,48,1,9,7,0,4,6,1,1,5,8,0,4,2,10,6,5,2,2,2,7,0,0,0,8,0,7,"m2vs3","m3vs2",4.52,"A=B","m3=m2",5,"A=B","m3=m2",2.33,"A>B","m3>m2",7.67,"A<B","m3<m2",16,2,1,,2,2,1,,,,,2,,2,,,,,,,1,,1,2,,6,3,,,,3,,2,2,2,"A2",
129,10,9,1,"2016-06-23 09:45:39","2016-06-23 09:59:29",1,6,8,1,1,,6,834.35,38.19,342.9,453.26,"F",32,4,4,,1,,1,,,1,,,1,,2,,1,,,1,,,,,,,3,2,2,2,,1,,,,1,,2,3,186.33,0.6,0.0161004669135405,2,"m2a",82,5,36,54,1,5,1,1,1,7,5,1,1,13,3,2,5,4,3,2,8,0,10,4,2,1,1,8,1,3,2,78.31,0.4,0.0255395224109309,6,"m6a",114,4,37,53,1,1,8,0,1,5,10,2,3,6,4,6,2,0,9,3,2,3,3,4,10,0,0,6,1,7,"m2vs6","m6vs2",1.95,"A>B","m6>m2",6.33,"A<B","m6<m2",4.56,"A=B","m6=m2",5.44,"A=B","m6=m2",11,,,,,,1,5,,2,3,,2,3,4,1,,,,2,,5,,1,,,,,,,,,,,,"A2",
138,19,13,1,"2016-06-28 03:29:29","2016-06-28 05:27:16",1,5,8,1,1,,4,1207.3,103.79,11.03,1092.48,"M",48,4,3,,1,,,,1,1,,,,,1,,,,,,,,,,1,,20,20,1,2,,,,1,1,,,7,4.75,559.14,0.95,0.00849518904031191,4,"m4a",96,4,40,50,1,4,4,1,4,2,11,2,5,6,2,3,3,3,6,3,2,2,9,2,0,2,1,10,2,7,3,234.92,0.6,0.0127703047846075,5,"m5a",102,4,45,45,3,0,2,1,4,3,8,7,5,12,2,2,2,1,2,1,1,2,10,4,7,0,4,3,4,5,"m4vs5","m5vs4",4.43,"A>B","m5>m4",5,"A=B","m5=m4",2.78,"A>B","m5>m4",7.22,"A<B","m5<m4",,,,,,,,,,,,,,,,,,,,,,,,,,,,,,,,,,,,"A1",
141,22,8,2,"2016-06-28 10:52:39","2016-06-29 16:24:25",1,6,8,1,1,,4,22332.1,35.09,21549.9,747.109999999997,"F",35,3,1,,,,,,,1,,,,,1,,,,,,,,,,1,,12,12,0,1,,1,,,,,,1,0.5,146.54,0.1,0.00341203766889586,5,"m5a",102,4,45,45,3,0,2,1,4,3,8,7,5,12,2,2,2,1,2,1,1,2,10,4,7,0,4,3,4,1,2,201.29,0.4,0.00993591335883551,2,"m2b",82,5,36,54,1,5,1,1,1,7,5,1,1,13,3,2,5,4,3,2,8,0,10,4,2,1,1,8,1,7,"m5vs2","m5vs2",3.1,"A>B","m5>m2",6.33,"A<B","m5<m2",1,"A>B","m5>m2",9,"A<B","m5<m2",14,,,,,3,,,,,,,,8,,,4,2,,6,,6,6,8,,1,1,4,,,6,6,4,,,"A1",
144,25,15,1,"2016-06-28 15:14:34","2016-06-28 15:35:12",1,5,8,1,1,,4,1241.94,8.7,423.03,810.21,"F",37,5,1,,,,1,,,,,,,,3,,1,,1,1,,,,,,,16,10,52,1,,1,,,,,,5,1.75,259.17,0.35,0.00675232472894239,5,"m5a",102,4,45,45,3,0,2,1,4,3,8,7,5,12,2,2,2,1,2,1,1,2,10,4,7,0,4,3,4,6,1,357.22,0.2,0.00279939533060859,6,"m6a",114,4,37,53,1,1,8,0,1,5,10,2,3,6,4,6,2,0,9,3,2,3,3,4,10,0,0,6,1,7,"m5vs6","m6vs5",3.86,"A>B","m6>m5",5,"A=B","m6=m5",8.56,"A<B","m6<m5",1.44,"A>B","m6>m5",,,,,,,,,,,,,,,,,,,,,,,,,,,,,,,,,,,,"A4",
146,27,9,2,"2016-06-28 15:40:48","2016-06-28 19:44:25",1,5,8,1,1,,1,10698.8,26.89,9592.62,1079.29,,,,,,,,,,,,,,,,,,,,,,,,,,,,,,,,,,,,,,,7,4,302.14,0.8,0.0132388958760839,6,"m6a",114,4,37,53,1,1,8,0,1,5,10,2,3,6,4,6,2,0,9,3,2,3,3,4,10,0,0,6,1,6,2,426.16,0.4,0.00469307302421626,2,"m2b",82,5,36,54,1,5,1,1,1,7,5,1,1,13,3,2,5,4,3,2,8,0,10,4,2,1,1,8,1,7,"m6vs2","m6vs2",1.95,"A>B","m6>m2",6.33,"A<B","m6<m2",4.56,"A=B","m6=m2",5.44,"A=B","m6=m2",,,,,,,,,,,,,,,,,,,,,,,,,,,,,,,,,,,,"A4",
147,28,12,2,"2016-06-28 15:56:55","2016-07-26 10:02:44",1,5,8,1,1,,4,809.49,11.72,27.73,770.04,"M",37,4,3,,1,,,,,1,,,1,,3,,1,,1,,1,,,,,,16,8,2,3,,1,,1,1,,,3,3,445.72,0.6,0.00673068293996231,6,"m6a",114,4,37,53,1,1,8,0,1,5,10,2,3,6,4,6,2,0,9,3,2,3,3,4,10,0,0,6,1,3,4,140.58,0.8,0.0284535495803101,3,"m3b",87,5,42,48,1,9,7,0,4,6,1,1,5,8,0,4,2,10,6,5,2,2,2,7,0,0,0,8,0,4,"m6vs3","m6vs3",2.43,"A>B","m6>m3",6.33,"A<B","m6<m3",7.22,"A<B","m6<m3",2.78,"A>B","m6>m3",,,,,,,,,,,,,,,,,,,,,,,,,,,,,,,,,,,,"A1",
149,30,15,2,"2016-06-28 16:44:48","2016-07-07 15:48:06",1,5,8,1,1,,4,2393.59,31.45,1211.47,1150.67,"M",42,4,2,,1,,,,,,,,1,,1,,,,,1,,,,,,,16,16,4,2,,1,,1,,,,2,1,377.68,0.2,0.00264774412200805,6,"m6a",114,4,37,53,1,1,8,0,1,5,10,2,3,6,4,6,2,0,9,3,2,3,3,4,10,0,0,6,1,3,3,224.59,0.6,0.0133576739837036,5,"m5b",102,4,45,45,3,0,2,1,4,3,8,7,5,12,2,2,2,1,2,1,1,2,10,4,7,0,4,3,4,3,"m6vs5","m6vs5",3.86,"A>B","m6>m5",5,"A=B","m6=m5",8.56,"A<B","m6<m5",1.44,"A>B","m6>m5",,,,,,,,,,,,,,,,,,,,,,,,,,,,,,,,,,,,"A2",
150,1,1,1,"2016-06-28 16:50:49","2016-06-28 17:16:48",1,5,8,1,1,,4,1562.71,68.64,766.72,727.35,"M",57,4,1,,,,,,,,,,1,,2,,,1,,1,,,,,,,28,20,10,2,,1,,,,,"BPEL",3,4,234.52,0.8,0.0170561146170902,1,"m1a",72,2,44,46,4,5,0,0,8,10,0,0,5,12,4,0,7,5,0,5,3,5,3,4,1,0,2,7,0,3,2,110.17,0.4,0.0181537623672506,2,"m2a",82,5,36,54,1,5,1,1,1,7,5,1,1,13,3,2,5,4,3,2,8,0,10,4,2,1,1,8,1,3,"m1vs2","m2vs1",4.05,"A>B","m2>m1",1,"A>B","m2>m1",8.56,"A<B","m2<m1",1.44,"A>B","m2>m1",,,,,,,,,,,,,,,,,,,,,,,,,,,,,,,,,,,,"A1",
156,7,6,1,"2016-06-29 01:49:39","2016-06-29 02:40:18",1,5,8,1,1,,4,2765.48,75.56,1672.33,1017.59,"M",35,3,1,,,,,,,1,,,,,1,,,,1,,,,,,,,14,8,2,2,,1,,1,,,,2,2,243.96,0.4,0.00819806525659944,2,"m2a",82,5,36,54,1,5,1,1,1,7,5,1,1,13,3,2,5,4,3,2,8,0,10,4,2,1,1,8,1,2,3.75,436.78,0.75,0.00858555794679244,3,"m3a",87,5,42,48,1,9,7,0,4,6,1,1,5,8,0,4,2,10,6,5,2,2,2,7,0,0,0,8,0,3,"m2vs3","m3vs2",4.52,"A=B","m3=m2",5,"A=B","m3=m2",2.33,"A>B","m3>m2",7.67,"A<B","m3<m2",,,,,,,,,,,,,,,,,,,,,,,,,,,,,,,,,,,,,
157,8,7,1,"2016-06-29 02:02:01","2016-06-29 02:13:19",1,5,8,1,1,,4,682.12,9.8,62.4,609.92,"M",52,3,1,,,,,,,,,,1,,3,,1,,1,,1,,,,,,0,18,2,3,,1,,1,1,,,3,4,238.89,0.8,0.0167441081669388,2,"m2a",82,5,36,54,1,5,1,1,1,7,5,1,1,13,3,2,5,4,3,2,8,0,10,4,2,1,1,8,1,3,4.75,144.38,0.95,0.03289929353096,4,"m4a",96,4,40,50,1,4,4,1,4,2,11,2,5,6,2,3,3,3,6,3,2,2,9,2,0,2,1,10,2,6,"m2vs4","m4vs2",3.67,"A>B","m4>m2",6.33,"A<B","m4<m2",3.22,"A>B","m4>m2",6.78,"A<B","m4<m2",,,,,,,,,,,,,,,,,,,,,,,,,,,,,,,,,,,,"A2",
162,13,10,1,"2016-06-29 10:32:57","2016-06-29 11:07:11",1,6,8,1,1,,4,2055.75,37.07,1251.29,767.39,"M",35,3,1,,,,,,,1,,,,,2,1,,,,,1,,,,,,12,12,16,2,,,,1,1,,,5,4,390.3,0.8,0.0102485267742762,3,"m3a",87,5,42,48,1,9,7,0,4,6,1,1,5,8,0,4,2,10,6,5,2,2,2,7,0,0,0,8,0,5,4,121.1,0.8,0.0330305532617671,4,"m4a",96,4,40,50,1,4,4,1,4,2,11,2,5,6,2,3,3,3,6,3,2,2,9,2,0,2,1,10,2,6,"m3vs4","m4vs3",4.14,"A>B","m4>m3",6.33,"A<B","m4<m3",5.89,"A<B","m4<m3",4.11,"A>B","m4>m3",12,,,,,1,1,,1,,,,,,,,1,1,,3,,1,6,3,,,,1,1,,,,,,3,"A1",
164,15,12,1,"2016-06-29 14:37:05","2016-06-29 15:35:48",1,6,8,1,1,,4,3436.7,67.84,2838.23,530.63,,26,4,1,,,,,,,,,,1,,1,,,,,,,,,,1,,2,1,0,1,,,,1,,,,4,3,131.21,0.6,0.0228641109671519,3,"m3a",87,5,42,48,1,9,7,0,4,6,1,1,5,8,0,4,2,10,6,5,2,2,2,7,0,0,0,8,0,4,1,71.5,0.2,0.013986013986014,6,"m6a",114,4,37,53,1,1,8,0,1,5,10,2,3,6,4,6,2,0,9,3,2,3,3,4,10,0,0,6,1,3,"m3vs6","m6vs3",2.43,"A>B","m6>m3",6.33,"A<B","m6<m3",7.22,"A<B","m6<m3",2.78,"A>B","m6>m3",12,,,,6,,,2,,,,3,,3,2,,,,1,,,4,,,3,,1,5,,,,,5,3,,"A2",
165,16,3,2,"2016-06-29 14:58:31","2016-06-29 15:19:52",1,5,8,1,1,,6,1283.81,70.81,269.02,943.98,"M",59,4,1,,,,,,,1,,,,,1,,,,,1,,,,,,,29,5,3,4,,1,,1,1,1,,3,3.75,318.77,0.75,0.0117639677510431,4,"m4a",96,4,40,50,1,4,4,1,4,2,11,2,5,6,2,3,3,3,6,3,2,2,9,2,0,2,1,10,2,3,1,200.2,0.2,0.004995004995005,1,"m1b",72,2,44,46,4,5,0,0,8,10,0,0,5,12,4,0,7,5,0,5,3,5,3,4,1,0,2,7,0,3,"m4vs1","m4vs1",2.71,"A>B","m4>m1",2.33,"A>B","m4>m1",6.78,"A<B","m4<m1",3.22,"A>B","m4>m1",,,,,,,,,,,,,,,,,,,,,,,,,,,,,,,,,,,,"A3",
168,19,13,1,"2016-06-29 16:09:38","2016-06-29 17:06:03",1,5,8,1,1,,4,3387.31,122.1,1980.69,1284.52,,32,4,1,,,,,,,,,1,,,1,,,,,,,,,,1,,10,0,16,2,,,,1,1,,,2,0,376.97,0,0,4,"m4a",96,4,40,50,1,4,4,1,4,2,11,2,5,6,2,3,3,3,6,3,2,2,9,2,0,2,1,10,2,2,2.5,187.42,0.5,0.0133390246505176,5,"m5a",102,4,45,45,3,0,2,1,4,3,8,7,5,12,2,2,2,1,2,1,1,2,10,4,7,0,4,3,4,6,"m4vs5","m5vs4",4.43,"A>B","m5>m4",5,"A=B","m5=m4",2.78,"A>B","m5>m4",7.22,"A<B","m5<m4",,,,,,,,,,,,,,,,,,,,,,,,,,,,,,,,,,,,"A4",
170,21,4,2,"2016-06-29 17:07:46","2016-06-29 17:11:37",1,3,8,1,1,,1,232.86,4.93,30,197.93,,,,1,,,,,,,,,,,"Tecnico",1,,,,,,,,1,,,,0,0,0,1,1,,,,,,,,0,18.11,0,0,5,"m5a",102,4,45,45,3,0,2,1,4,3,8,7,5,12,2,2,2,1,2,1,1,2,10,4,7,0,4,3,4,,0,9.85,0,0,1,"m1b",72,2,44,46,4,5,0,0,8,10,0,0,5,12,4,0,7,5,0,5,3,5,3,4,1,0,2,7,0,9,"m5vs1","m5vs1",2.14,"A>B","m5>m1",2.33,"A>B","m5>m1",4.56,"A=B","m5=m1",5.44,"A=B","m5=m1",,,,,,,,,,,,,,,,,,,,,,,,,,,,,,,,,,,,,
171,22,8,2,"2016-06-29 17:25:01","2016-06-29 17:50:47",1,5,8,1,1,,4,1550.37,12.89,267.32,1270.16,"M",60,4,1,,,,,,,,,,,"Director architecture",1,,,,,1,,,,,,,33,18,2,3,,1,,1,,,"BPEL, XPDL",3,3.75,590.84,0.75,0.00634689594475662,5,"m5a",102,4,45,45,3,0,2,1,4,3,8,7,5,12,2,2,2,1,2,1,1,2,10,4,7,0,4,3,4,3,1,288.52,0.2,0.00346596423124913,2,"m2b",82,5,36,54,1,5,1,1,1,7,5,1,1,13,3,2,5,4,3,2,8,0,10,4,2,1,1,8,1,4,"m5vs2","m5vs2",3.1,"A>B","m5>m2",6.33,"A<B","m5<m2",1,"A>B","m5>m2",9,"A<B","m5<m2",,,,,,,,,,,,,,,,,,,,,,,,,,,,,,,,,,,,,
173,24,13,2,"2016-06-29 19:09:37","2016-07-26 15:16:53",1,5,8,1,1,,4,6589.6,297.97,5142.18,1149.45,"M",38,3,4,,1,,1,1,,1,,,,,3,,1,,1,,1,,,,,,18,18,,2,,1,,1,,,,5,2,403.37,0.4,0.00495822693804695,5,"m5a",102,4,45,45,3,0,2,1,4,3,8,7,5,12,2,2,2,1,2,1,1,2,10,4,7,0,4,3,4,6,3.75,385.93,0.75,0.00971678801855259,4,"m4b",96,4,40,50,1,4,4,1,4,2,11,2,5,6,2,3,3,3,6,3,2,2,9,2,0,2,1,10,2,2,"m5vs4","m5vs4",4.43,"A>B","m5>m4",5,"A=B","m5=m4",2.78,"A>B","m5>m4",7.22,"A<B","m5<m4",,,,,,,,,,,,,,,,,,,,,,,,,,,,,,,,,,,,"A1",
175,26,5,2,"2016-06-29 19:24:20","2016-06-29 19:49:41",1,6,8,1,1,,6,1523.96,106.88,66.65,1350.43,"M",28,3,1,,,,,,,,,,,"Technician Support Representative ",1,,1,,,,,,,,,,2,2,4,1,,,,,,1,,1,3,499.08,0.6,0.00601106035104592,6,"m6a",114,4,37,53,1,1,8,0,1,5,10,2,3,6,4,6,2,0,9,3,2,3,3,4,10,0,0,6,1,4,1.5,196.72,0.3,0.00762505083367222,1,"m1b",72,2,44,46,4,5,0,0,8,10,0,0,5,12,4,0,7,5,0,5,3,5,3,4,1,0,2,7,0,1,"m6vs1","m6vs1",1,"A>B","m6>m1",2.33,"A>B","m6>m1",8.11,"A<B","m6<m1",1.89,"A>B","m6>m1",9,4,2,1,4,,1,,,,,4,,,,,1,,,,8,,,1,,,,,,,,,,,,"A2",
177,28,12,2,"2016-06-29 21:43:49","2016-06-29 21:54:14",1,5,8,1,1,,2,618.23,36.19,28.05,553.99,"F",26,3,3,,,,,,1,,,1,1,,1,,,,,,,,,,1,,5,2,0,1,1,,,,,,,2,2,104.01,0.4,0.0192289202961254,6,"m6a",114,4,37,53,1,1,8,0,1,5,10,2,3,6,4,6,2,0,9,3,2,3,3,4,10,0,0,6,1,2,3,181.25,0.6,0.016551724137931,3,"m3b",87,5,42,48,1,9,7,0,4,6,1,1,5,8,0,4,2,10,6,5,2,2,2,7,0,0,0,8,0,1,"m6vs3","m6vs3",2.43,"A>B","m6>m3",6.33,"A<B","m6<m3",7.22,"A<B","m6<m3",2.78,"A>B","m6>m3",,,,,,,,,,,,,,,,,,,,,,,,,,,,,,,,,,,,"A2",
184,5,5,1,"2016-06-30 10:10:18","2016-06-30 10:29:05",1,5,8,1,1,,6,1130.78,124.44,48.31,958.03,"M",43,5,2,,,,,,,1,,,1,,3,,1,,1,1,,,,,,,20,3,2,3,,1,,1,,1,,3,1,371.47,0.2,0.00269200742994051,1,"m1a",72,2,44,46,4,5,0,0,8,10,0,0,5,12,4,0,7,5,0,5,3,5,3,4,1,0,2,7,0,3,1,252.74,0.2,0.00395663527736013,6,"m6a",114,4,37,53,1,1,8,0,1,5,10,2,3,6,4,6,2,0,9,3,2,3,3,4,10,0,0,6,1,7,"m1vs6","m6vs1",1,"A>B","m6>m1",2.33,"A>B","m6>m1",8.11,"A<B","m6<m1",1.89,"A>B","m6>m1",,,,,,,,,,,,,,,,,,,,,,,,,,,,,,,,,,,,"A2",
186,7,6,1,"2016-06-30 23:56:11","2016-07-01 00:48:28",1,6,8,1,1,,4,3141.68,8.62,23.29,3109.77,"F",50,4,1,,,,,,,,,,1,,1,,1,,,,,,,,,,20,10,1,2,,1,,,1,,,4,3,234.84,0.6,0.0127746550843127,2,"m2a",82,5,36,54,1,5,1,1,1,7,5,1,1,13,3,2,5,4,3,2,8,0,10,4,2,1,1,8,1,5,3,131.31,0.6,0.0228466986520448,3,"m3a",87,5,42,48,1,9,7,0,4,6,1,1,5,8,0,4,2,10,6,5,2,2,2,7,0,0,0,8,0,7,"m2vs3","m3vs2",4.52,"A=B","m3=m2",5,"A=B","m3=m2",2.33,"A>B","m3>m2",7.67,"A<B","m3<m2",12,,2,,,,1,,1,,3,,,,2,,,,1,,2,2,,,2,1,,,,,4,,,,1,"-oth-","http://www.choc.org/giving/"
191,12,6,2,"2016-07-01 17:27:22","2016-07-01 17:58:42",1,5,8,1,1,,6,1882.59,46.37,1179.23,656.99,"M",50,4,2,,1,,,,,,,,1,,3,,1,,1,1,,,,,,,30,20,10,5,,1,1,1,,1,"Flow Charts",3,3.75,211.58,0.75,0.0177237924189432,3,"m3a",87,5,42,48,1,9,7,0,4,6,1,1,5,8,0,4,2,10,6,5,2,2,2,7,0,0,0,8,0,4,2,164.05,0.4,0.0121914050594331,2,"m2b",82,5,36,54,1,5,1,1,1,7,5,1,1,13,3,2,5,4,3,2,8,0,10,4,2,1,1,8,1,3,"m3vs2","m3vs2",4.52,"A=B","m3=m2",5,"A=B","m3=m2",2.33,"A>B","m3>m2",7.67,"A<B","m3<m2",,,,,,,,,,,,,,,,,,,,,,,,,,,,,,,,,,,,"A4",
192,13,10,1,"2016-07-01 17:43:12","2016-07-01 18:10:08",1,6,8,1,1,,6,883.2,8.39,75.64,799.17,,,4,1,,,,,,,,,,1,,1,,,,,1,,,,,,,15,8,,2,,1,,,,1,,5,3.75,127.58,0.75,0.0293933218372786,3,"m3a",87,5,42,48,1,9,7,0,4,6,1,1,5,8,0,4,2,10,6,5,2,2,2,7,0,0,0,8,0,5,4.75,396.16,0.95,0.0119901050080775,4,"m4a",96,4,40,50,1,4,4,1,4,2,11,2,5,6,2,3,3,3,6,3,2,2,9,2,0,2,1,10,2,6,"m3vs4","m4vs3",4.14,"A>B","m4>m3",6.33,"A<B","m4<m3",5.89,"A<B","m4<m3",4.11,"A>B","m4>m3",11,,,2,6,,,,,,1,,,3,3,3,3,,1,,7,,,,2,,,,,,,,2,,,"A2",
194,15,12,1,"2016-07-02 19:00:26","2016-07-05 05:27:15",1,5,8,1,1,,4,1952.4,8.98,79.27,1864.15,"M",44,4,1,,,,,,,,,,1,,1,,,,,,,,,,1,,19,5,,3,,1,,1,1,,,4,2,58.14,0.4,0.0343997248022016,3,"m3a",87,5,42,48,1,9,7,0,4,6,1,1,5,8,0,4,2,10,6,5,2,2,2,7,0,0,0,8,0,4,4,319.02,0.8,0.0125383988464673,6,"m6a",114,4,37,53,1,1,8,0,1,5,10,2,3,6,4,6,2,0,9,3,2,3,3,4,10,0,0,6,1,5,"m3vs6","m6vs3",2.43,"A>B","m6>m3",6.33,"A<B","m6<m3",7.22,"A<B","m6<m3",2.78,"A>B","m6>m3",,,,,,,,,,,,,,,,,,,,,,,,,,,,,,,,,,,,"A4",
203,24,13,2,"2016-07-03 19:29:55","2016-07-03 20:45:32",1,5,8,1,1,,4,1155.65,13.75,9.77,1132.13,"M",53,5,3,,1,,1,,,1,,,,,1,,,,,,,,,,1,,30,12,2,1,,1,,,,,,6,3,73.18,0.6,0.0409948073244056,5,"m5a",102,4,45,45,3,0,2,1,4,3,8,7,5,12,2,2,2,1,2,1,1,2,10,4,7,0,4,3,4,4,3.75,349.74,0.75,0.0107222508148911,4,"m4b",96,4,40,50,1,4,4,1,4,2,11,2,5,6,2,3,3,3,6,3,2,2,9,2,0,2,1,10,2,7,"m5vs4","m5vs4",4.43,"A>B","m5>m4",5,"A=B","m5=m4",2.78,"A>B","m5>m4",7.22,"A<B","m5<m4",,,,,,,,,,,,,,,,,,,,,,,,,,,,,,,,,,,,"A1",
208,29,14,2,"2016-07-04 13:13:16","2016-07-04 16:52:55",1,5,8,1,1,,4,13180.9,55.35,11833.6,1291.95,"M",32,4,1,,,,,,,,,,1,,1,,,,,,1,,,,,,9,8,1,2,,1,,1,,,,3,3,433.55,0.6,0.00691961711451966,6,"m6a",114,4,37,53,1,1,8,0,1,5,10,2,3,6,4,6,2,0,9,3,2,3,3,4,10,0,0,6,1,4,3.75,343.99,0.75,0.0109014796941772,4,"m4b",96,4,40,50,1,4,4,1,4,2,11,2,5,6,2,3,3,3,6,3,2,2,9,2,0,2,1,10,2,3,"m6vs4","m6vs4",3.29,"A>B","m6>m4",5,"A=B","m6=m4",6.33,"A<B","m6<m4",3.67,"A>B","m6>m4",,,,,,,,,,,,,,,,,,,,,,,,,,,,,,,,,,,,"A3",
210,1,1,1,"2016-07-04 15:40:19","2016-07-04 16:44:22",1,5,8,1,1,,4,3846.67,91.23,2178.96,1576.48,"F",43,4,1,,1,,,,,,,,,,1,,,,,,1,,,,,,20,15,3,1,,,,1,,,,5,4,219.86,0.8,0.0181933957973256,1,"m1a",72,2,44,46,4,5,0,0,8,10,0,0,5,12,4,0,7,5,0,5,3,5,3,4,1,0,2,7,0,5,3,172.21,0.6,0.017420591138726,2,"m2a",82,5,36,54,1,5,1,1,1,7,5,1,1,13,3,2,5,4,3,2,8,0,10,4,2,1,1,8,1,5,"m1vs2","m2vs1",4.05,"A>B","m2>m1",1,"A>B","m2>m1",8.56,"A<B","m2<m1",1.44,"A>B","m2>m1",,,,,,,,,,,,,,,,,,,,,,,,,,,,,,,,,,,,"A3",
215,6,1,2,"2016-07-05 15:07:07","2016-07-05 18:50:26",1,5,8,1,1,,4,1736.93,42.45,857.75,836.73,"M",59,2,1,,,,,,,1,,,,,1,,,,,,,,,,1,,40,30,10,3,,1,1,,,,"RADs",3,2,250.55,0.4,0.00798243863500299,2,"m2a",82,5,36,54,1,5,1,1,1,7,5,1,1,13,3,2,5,4,3,2,8,0,10,4,2,1,1,8,1,3,2,176.28,0.4,0.0113455865668255,1,"m1b",72,2,44,46,4,5,0,0,8,10,0,0,5,12,4,0,7,5,0,5,3,5,3,4,1,0,2,7,0,4,"m2vs1","m2vs1",4.05,"A>B","m2>m1",1,"A>B","m2>m1",8.56,"A<B","m2<m1",1.44,"A>B","m2>m1",,,,,,,,,,,,,,,,,,,,,,,,,,,,,,,,,,,,"A4",
216,7,6,1,"2016-07-05 15:40:08",,1,2,4,1,1,,6,928.81,37.76,601.58,289.47,,26,4,2,,1,,,,,,,,1,,2,,1,,,1,,,,,,,6,6,53,5,,1,1,1,1,1,,2,1,184.97,0.2,0.00540628209979997,2,"m2a",82,5,36,54,1,5,1,1,1,7,5,1,1,13,3,2,5,4,3,2,8,0,10,4,2,1,1,8,1,,,,,,3,"m3a",87,5,42,48,1,9,7,0,4,6,1,1,5,8,0,4,2,10,6,5,2,2,2,7,0,0,0,8,0,,"m2vs3","m3vs2",4.52,"A=B","m3=m2",5,"A=B","m3=m2",2.33,"A>B","m3>m2",7.67,"A<B","m3<m2",,,,,,,,,,,,,,,,,,,,,,,,,,,,,,,,,,,,,
220,11,2,2,"2016-07-05 17:42:34","2016-07-05 18:15:11",1,6,8,1,1,,6,1961.7,35.4,1329.49,596.81,"M",45,4,3,,,1,,,,1,,,1,,3,,1,,1,1,,,,,,,17,17,12,4,,1,,1,1,1,,6,2,182.15,0.4,0.0109799615701345,3,"m3a",87,5,42,48,1,9,7,0,4,6,1,1,5,8,0,4,2,10,6,5,2,2,2,7,0,0,0,8,0,6,3,105.21,0.6,0.0285143997718848,1,"m1b",72,2,44,46,4,5,0,0,8,10,0,0,5,12,4,0,7,5,0,5,3,5,3,4,1,0,2,7,0,4,"m3vs1","m3vs1",3.57,"A>B","m3>m1",1,"A>B","m3>m1",5.89,"A<B","m3<m1",4.11,"A>B","m3>m1",15,1,2,,2,,1,2,,1,3,,1,,,,,,,,4,1,,,,1,,,,,1,2,2,2,,"-oth-","heretoserve.org"
226,17,7,2,"2016-07-05 22:08:18","2016-07-05 23:19:38",1,5,8,1,1,,4,4284.48,326.76,127.42,3830.3,"F",41,4,1,,,,,,,1,,,,,1,,,,,,,,,,1,,10,5,4,1,,,,,1,,,4,1,1790.86,0.2,0.000558390940665379,4,"m4a",96,4,40,50,1,4,4,1,4,2,11,2,5,6,2,3,3,3,6,3,2,2,9,2,0,2,1,10,2,4,1,808.59,0.2,0.00123672071136175,2,"m2b",82,5,36,54,1,5,1,1,1,7,5,1,1,13,3,2,5,4,3,2,8,0,10,4,2,1,1,8,1,3,"m4vs2","m4vs2",3.67,"A>B","m4>m2",6.33,"A<B","m4<m2",3.22,"A>B","m4>m2",6.78,"A<B","m4<m2",,,,,,,,,,,,,,,,,,,,,,,,,,,,,,,,,,,,"A3",
232,23,11,2,"2016-07-06 14:24:30","2016-07-06 14:43:47",1,5,8,1,1,,4,1041.94,27.81,140.77,873.36,"M",41,3,1,,,,,,,1,,,,,1,,,,,1,,,,,,,20,4,1,3,,1,,1,1,,,2,4,322.79,0.8,0.0123919576195049,5,"m5a",102,4,45,45,3,0,2,1,4,3,8,7,5,12,2,2,2,1,2,1,1,2,10,4,7,0,4,3,4,2,3,232.19,0.6,0.0129204530772212,3,"m3b",87,5,42,48,1,9,7,0,4,6,1,1,5,8,0,4,2,10,6,5,2,2,2,7,0,0,0,8,0,7,"m5vs3","m5vs3",3.57,"A>B","m5>m3",6.33,"A<B","m5<m3",3.67,"A>B","m5>m3",6.33,"A<B","m5<m3",,,,,,,,,,,,,,,,,,,,,,,,,,,,,,,,,,,,"A2",
236,27,9,2,"2016-07-06 15:46:48","2016-07-06 16:20:23",1,6,8,1,1,,4,2018.7,49.94,1467.78,500.98,"M",35,3,1,,,,1,,,,,,,,1,,,,,,,,,,1,,12,4,4,2,,,,1,1,,,4,3,111.71,0.6,0.0268552502014144,6,"m6a",114,4,37,53,1,1,8,0,1,5,10,2,3,6,4,6,2,0,9,3,2,3,3,4,10,0,0,6,1,3,0,121.27,0,0,2,"m2b",82,5,36,54,1,5,1,1,1,7,5,1,1,13,3,2,5,4,3,2,8,0,10,4,2,1,1,8,1,3,"m6vs2","m6vs2",1.95,"A>B","m6>m2",6.33,"A<B","m6<m2",4.56,"A=B","m6=m2",5.44,"A=B","m6=m2",8,,,,,,,4,,,,3,,4,3,2,3,,,,,,,,,2,,,,,3,,,,,"A1",
241,2,2,1,"2016-07-06 21:23:26","2016-07-06 21:44:23",1,6,8,1,1,,4,1261.55,60.83,409.29,791.43,"M",67,5,1,,,,,,,,1,,,,1,,,,,,1,,,,,,36,5,1,1,,,,1,,,,3,1.25,141.73,0.25,0.00881958653778311,1,"m1a",72,2,44,46,4,5,0,0,8,10,0,0,5,12,4,0,7,5,0,5,3,5,3,4,1,0,2,7,0,3,2,214.91,0.4,0.00930622120887814,3,"m3a",87,5,42,48,1,9,7,0,4,6,1,1,5,8,0,4,2,10,6,5,2,2,2,7,0,0,0,8,0,7,"m1vs3","m3vs1",3.57,"A>B","m3>m1",1,"A>B","m3>m1",5.89,"A<B","m3<m1",4.11,"A>B","m3>m1",11,,,,3,2,,,5,5,,,,,3,,4,2,,3,,,,,5,,,,,,,,7,,6,,
245,6,1,2,"2016-07-07 03:26:11","2016-07-07 05:08:44",1,5,8,1,1,,4,6157.41,14.62,4320.81,1821.98,"M",54,3,5,,1,1,1,,1,,,,1,,3,,1,,1,,1,,,,,,32,28,12,5,,1,1,1,1,,"Decision Model Notation (DMN); Yet Another Workflow Language (YAWL)",3,4,446.72,0.8,0.0089541547277937,2,"m2a",82,5,36,54,1,5,1,1,1,7,5,1,1,13,3,2,5,4,3,2,8,0,10,4,2,1,1,8,1,3,2,322.31,0.4,0.00620520616797493,1,"m1b",72,2,44,46,4,5,0,0,8,10,0,0,5,12,4,0,7,5,0,5,3,5,3,4,1,0,2,7,0,3,"m2vs1","m2vs1",4.05,"A>B","m2>m1",1,"A>B","m2>m1",8.56,"A<B","m2<m1",1.44,"A>B","m2>m1",,,,,,,,,,,,,,,,,,,,,,,,,,,,,,,,,,,,"A3",
249,10,9,1,"2016-07-07 17:32:33","2016-07-07 19:09:42",1,5,8,1,1,,2,3374.73,286.55,2201.98,886.2,"M",57,4,3,,1,,,,,1,,,,"Consultant ECM technology",1,,,,,,,,,,1,,22,10,2,1,1,,,,,,,3,2,196.77,0.4,0.0101641510392844,2,"m2a",82,5,36,54,1,5,1,1,1,7,5,1,1,13,3,2,5,4,3,2,8,0,10,4,2,1,1,8,1,3,2,156.73,0.4,0.0127607988260065,6,"m6a",114,4,37,53,1,1,8,0,1,5,10,2,3,6,4,6,2,0,9,3,2,3,3,4,10,0,0,6,1,4,"m2vs6","m6vs2",1.95,"A>B","m6>m2",6.33,"A<B","m6<m2",4.56,"A=B","m6=m2",5.44,"A=B","m6=m2",,,,,,,,,,,,,,,,,,,,,,,,,,,,,,,,,,,,"A1",
250,11,2,2,"2016-07-07 17:36:27","2016-07-07 20:14:41",1,3,8,1,1,,2,9261.58,30.53,6977.23,2253.82,"F",56,3,1,,,,,,,1,,,,,1,,,,,,,,,,1,,30,20,0,1,1,,,,,,,3,2,364.07,0.4,0.00549344906199357,3,"m3a",87,5,42,48,1,9,7,0,4,6,1,1,5,8,0,4,2,10,6,5,2,2,2,7,0,0,0,8,0,,,12.53,,,1,"m1b",72,2,44,46,4,5,0,0,8,10,0,0,5,12,4,0,7,5,0,5,3,5,3,4,1,0,2,7,0,3,"m3vs1","m3vs1",3.57,"A>B","m3>m1",1,"A>B","m3>m1",5.89,"A<B","m3<m1",4.11,"A>B","m3>m1",,,,,,,,,,,,,,,,,,,,,,,,,,,,,,,,,,,,"A2",
254,15,12,1,"2016-07-08 00:25:51","2016-07-08 01:07:08",1,6,8,1,1,,4,2480.75,1959.97,123.83,396.95,"F",59,4,2,,,,,1,1,,,,,,1,,,,,,,,,,1,,18,9,0,1,,1,,,,,,3,0.75,146.44,0.15,0.0051215514886643,3,"m3a",87,5,42,48,1,9,7,0,4,6,1,1,5,8,0,4,2,10,6,5,2,2,2,7,0,0,0,8,0,4,2,92.05,0.4,0.0217273221075502,6,"m6a",114,4,37,53,1,1,8,0,1,5,10,2,3,6,4,6,2,0,9,3,2,3,3,4,10,0,0,6,1,7,"m3vs6","m6vs3",2.43,"A>B","m6>m3",6.33,"A<B","m6<m3",7.22,"A<B","m6<m3",2.78,"A>B","m6>m3",6,,,,,5,5,,5,,,5,5,,,,,,,,,,,,,,1,,,,,,,,,"A3",
256,17,7,2,"2016-07-08 00:46:03","2016-07-08 01:11:24",1,5,8,1,1,,2,1524.48,29.22,64.41,1430.85,"M",51,3,1,,,1,,,,,,,,,1,,,,,1,,,,,,,20,10,0,1,1,,,,,,,1,0.75,453.45,0.15,0.00165398610651671,4,"m4a",96,4,40,50,1,4,4,1,4,2,11,2,5,6,2,3,3,3,6,3,2,2,9,2,0,2,1,10,2,2,2,254.52,0.4,0.00785792865000786,2,"m2b",82,5,36,54,1,5,1,1,1,7,5,1,1,13,3,2,5,4,3,2,8,0,10,4,2,1,1,8,1,3,"m4vs2","m4vs2",3.67,"A>B","m4>m2",6.33,"A<B","m4<m2",3.22,"A>B","m4>m2",6.78,"A<B","m4<m2",,,,,,,,,,,,,,,,,,,,,,,,,,,,,,,,,,,,"A1",
257,18,10,2,"2016-07-08 01:27:54",,1,2,5,1,1,,4,2636.02,56.31,2011.86,567.85,"M",39,4,1,,,,,,,,,,,"Gen consultant",1,,1,,,,,,,,,,15,8,1,1,,,,1,,,,3,5,357.22,1,0.0139969766530429,4,"m4a",96,4,40,50,1,4,4,1,4,2,11,2,5,6,2,3,3,3,6,3,2,2,9,2,0,2,1,10,2,,,39.21,,,3,"m3b",87,5,42,48,1,9,7,0,4,6,1,1,5,8,0,4,2,10,6,5,2,2,2,7,0,0,0,8,0,,"m4vs3","m4vs3",4.14,"A>B","m4>m3",6.33,"A<B","m4<m3",5.89,"A<B","m4<m3",4.11,"A>B","m4>m3",,,,,,,,,,,,,,,,,,,,,,,,,,,,,,,,,,,,,
261,22,8,2,"2016-07-08 02:03:41","2016-07-08 02:36:31",1,5,8,1,1,,1,1973.51,4.99,1539.31,429.21,,,,,,,,,,,,,,,,,,,,,,,,,,,,,,,,,,,,,,,5,3,109.75,0.6,0.0273348519362187,5,"m5a",102,4,45,45,3,0,2,1,4,3,8,7,5,12,2,2,2,1,2,1,1,2,10,4,7,0,4,3,4,3,2,203.34,0.4,0.00983574309039048,2,"m2b",82,5,36,54,1,5,1,1,1,7,5,1,1,13,3,2,5,4,3,2,8,0,10,4,2,1,1,8,1,6,"m5vs2","m5vs2",3.1,"A>B","m5>m2",6.33,"A<B","m5<m2",1,"A>B","m5>m2",9,"A<B","m5<m2",,,,,,,,,,,,,,,,,,,,,,,,,,,,,,,,,,,,"A1",
264,25,15,1,"2016-07-08 02:36:29","2016-07-08 03:01:17",1,6,8,1,1,,4,1491.75,5.71,860.62,625.42,"F",37,3,1,,,,,,,,,,1,,1,,,,,,,,,,1,,1,1,10,1,,,,,1,,,3,2,280.23,0.4,0.00713699461156907,5,"m5a",102,4,45,45,3,0,2,1,4,3,8,7,5,12,2,2,2,1,2,1,1,2,10,4,7,0,4,3,4,3,2,98.47,0.4,0.0203107545445313,6,"m6a",114,4,37,53,1,1,8,0,1,5,10,2,3,6,4,6,2,0,9,3,2,3,3,4,10,0,0,6,1,3,"m5vs6","m6vs5",3.86,"A>B","m6>m5",5,"A=B","m6=m5",8.56,"A<B","m6<m5",1.44,"A>B","m6>m5",8,,,,,,,,,,,1,1,,,,,1,,,1,,,1,1,,1,1,,,,,,,,"A4",
265,26,5,2,"2016-07-08 02:37:15","2016-07-08 02:52:11",1,5,8,1,1,,4,898.41,14.89,297.15,586.37,"M",,3,3,,,,1,1,,,,,1,,2,,,,,,,,1,,1,,20,17,12,4,1,1,,1,1,,,2,3,181.49,0.6,0.0165298363546201,6,"m6a",114,4,37,53,1,1,8,0,1,5,10,2,3,6,4,6,2,0,9,3,2,3,3,4,10,0,0,6,1,2,1,150.58,0.2,0.00664098817904104,1,"m1b",72,2,44,46,4,5,0,0,8,10,0,0,5,12,4,0,7,5,0,5,3,5,3,4,1,0,2,7,0,3,"m6vs1","m6vs1",1,"A>B","m6>m1",2.33,"A>B","m6>m1",8.11,"A<B","m6<m1",1.89,"A>B","m6>m1",,,,,,,,,,,,,,,,,,,,,,,,,,,,,,,,,,,,"A4",
267,28,12,2,"2016-07-08 08:08:05","2016-07-08 08:30:01",1,6,8,1,1,,4,1318.34,14,22.49,1281.85,"M",54,4,1,,,,,,,,,,1,,1,,,,,,1,,,,,,32,19,,2,,1,,,,,"Filenet proprietary",2,1,324.25,0.2,0.0030840400925212,6,"m6a",114,4,37,53,1,1,8,0,1,5,10,2,3,6,4,6,2,0,9,3,2,3,3,4,10,0,0,6,1,2,4,350.89,0.8,0.0113995839151871,3,"m3b",87,5,42,48,1,9,7,0,4,6,1,1,5,8,0,4,2,10,6,5,2,2,2,7,0,0,0,8,0,4,"m6vs3","m6vs3",2.43,"A>B","m6>m3",6.33,"A<B","m6<m3",7.22,"A<B","m6<m3",2.78,"A>B","m6>m3",11,2,,,3,,,,,,3,3,3,,,,,,1,,,,,,4,,,,2,,,2,,2,2,,
270,1,1,1,"2016-07-08 14:57:13","2016-07-08 16:15:55",1,6,8,1,1,,4,4527.83,27.57,4037.45,462.81,"M",59,4,1,,,,,,,1,,,,,2,,1,,,,,,,,1,,30,20,10,2,1,,,1,,,,4,3,223.33,0.6,0.0134330363139748,1,"m1a",72,2,44,46,4,5,0,0,8,10,0,0,5,12,4,0,7,5,0,5,3,5,3,4,1,0,2,7,0,4,2,35.96,0.4,0.0556173526140156,2,"m2a",82,5,36,54,1,5,1,1,1,7,5,1,1,13,3,2,5,4,3,2,8,0,10,4,2,1,1,8,1,2,"m1vs2","m2vs1",4.05,"A>B","m2>m1",1,"A>B","m2>m1",8.56,"A<B","m2<m1",1.44,"A>B","m2>m1",13,,,,,,2,3,3,,4,,,,2,2,2,2,,,,,7,,,7,,,2,2,,,,4,,"A1",
280,11,2,2,"2016-07-08 17:55:07","2016-07-08 18:35:58",1,6,8,1,1,,6,2455.96,4.82,1457.85,993.29,"M",60,5,1,,,,,,,1,,,,,1,,,1,,,,,,,,,30,30,12,2,,1,,,,1,,3,4,280.54,0.8,0.0142582162971412,3,"m3a",87,5,42,48,1,9,7,0,4,6,1,1,5,8,0,4,2,10,6,5,2,2,2,7,0,0,0,8,0,6,3.75,190.84,0.75,0.0196499685600503,1,"m1b",72,2,44,46,4,5,0,0,8,10,0,0,5,12,4,0,7,5,0,5,3,5,3,4,1,0,2,7,0,2,"m3vs1","m3vs1",3.57,"A>B","m3>m1",1,"A>B","m3>m1",5.89,"A<B","m3<m1",4.11,"A>B","m3>m1",11,1,,1,3,,,1,,,1,,,1,,,1,1,1,,,,,,,,1,,,,1,,,,,"A1",
283,14,11,1,"2016-07-08 20:36:44","2016-07-08 21:04:40",1,4,8,1,1,,6,1679.78,8.46,1131.24,540.08,"M",37,4,2,,,,1,,,,,,1,,2,,,,1,1,,,,,,,16,5,2,4,,1,,1,1,1,,3,2,262.93,0.4,0.00760658730460579,3,"m3a",87,5,42,48,1,9,7,0,4,6,1,1,5,8,0,4,2,10,6,5,2,2,2,7,0,0,0,8,0,,2,107.65,0.4,0.018578727357176,5,"m5a",102,4,45,45,3,0,2,1,4,3,8,7,5,12,2,2,2,1,2,1,1,2,10,4,7,0,4,3,4,5,"m3vs5","m5vs3",3.57,"A>B","m5>m3",6.33,"A<B","m5<m3",3.67,"A>B","m5>m3",6.33,"A<B","m5<m3",,,,,,,,,,,,,,,,,,,,,,,,,,,,,,,,,,,,"A1",
285,16,3,2,"2016-07-08 20:46:52","2016-07-09 01:06:46",1,5,8,1,1,,1,15589.3,276.29,13423.2,1889.81,"M",42,4,1,,,,,,,,,,1,,1,,,,,,,,,,1,,22,0,0,1,1,,,,,,,3,4,1190.73,0.8,0.00335928380069369,4,"m4a",96,4,40,50,1,4,4,1,4,2,11,2,5,6,2,3,3,3,6,3,2,2,9,2,0,2,1,10,2,4,3,374.95,0.6,0.00800106680890786,1,"m1b",72,2,44,46,4,5,0,0,8,10,0,0,5,12,4,0,7,5,0,5,3,5,3,4,1,0,2,7,0,3,"m4vs1","m4vs1",2.71,"A>B","m4>m1",2.33,"A>B","m4>m1",6.78,"A<B","m4<m1",3.22,"A>B","m4>m1",,,,,,,,,,,,,,,,,,,,,,,,,,,,,,,,,,,,"A4",
287,18,10,2,"2016-07-08 21:38:12","2016-07-08 22:16:39",1,5,8,1,1,,4,2309.32,90.32,1307.49,911.51,"M",56,4,2,,,,,,1,,,,1,,1,,,,,,,,,,1,,28,10,2,1,,,,1,,,,5,3.75,285.14,0.75,0.0131514343831101,4,"m4a",96,4,40,50,1,4,4,1,4,2,11,2,5,6,2,3,3,3,6,3,2,2,9,2,0,2,1,10,2,6,3.75,246.39,0.75,0.0152197735297699,3,"m3b",87,5,42,48,1,9,7,0,4,6,1,1,5,8,0,4,2,10,6,5,2,2,2,7,0,0,0,8,0,5,"m4vs3","m4vs3",4.14,"A>B","m4>m3",6.33,"A<B","m4<m3",5.89,"A<B","m4<m3",4.11,"A>B","m4>m3",,,,,,,,,,,,,,,,,,,,,,,,,,,,,,,,,,,,"A4",
290,21,4,2,"2016-07-09 01:33:11","2016-07-15 07:43:07",1,5,8,1,1,,2,3506.31,150.13,2247.96,1108.22,"F",58,3,1,,,,,,,,,,1,,1,,,,,,,,,,1,,36,15,40,1,1,,,,,,,6,2.5,513.33,0.5,0.00487016149455516,5,"m5a",102,4,45,45,3,0,2,1,4,3,8,7,5,12,2,2,2,1,2,1,1,2,10,4,7,0,4,3,4,5,1,225.81,0.2,0.00442850183782826,1,"m1b",72,2,44,46,4,5,0,0,8,10,0,0,5,12,4,0,7,5,0,5,3,5,3,4,1,0,2,7,0,7,"m5vs1","m5vs1",2.14,"A>B","m5>m1",2.33,"A>B","m5>m1",4.56,"A=B","m5=m1",5.44,"A=B","m5=m1",,,,,,,,,,,,,,,,,,,,,,,,,,,,,,,,,,,,"-oth-","AlZ.org"
292,23,11,2,"2016-07-09 08:20:46","2016-07-09 09:14:04",1,5,8,1,1,,1,3149.28,166.56,2123.12,859.6,"F",41,4,1,,,,,,,,,,1,,1,,,,,,,,,,1,,16,0,0,1,1,,,,,,,4,3.25,274.73,0.65,0.0118297965274997,5,"m5a",102,4,45,45,3,0,2,1,4,3,8,7,5,12,2,2,2,1,2,1,1,2,10,4,7,0,4,3,4,4,1.75,192.65,0.35,0.00908383078120945,3,"m3b",87,5,42,48,1,9,7,0,4,6,1,1,5,8,0,4,2,10,6,5,2,2,2,7,0,0,0,8,0,6,"m5vs3","m5vs3",3.57,"A>B","m5>m3",6.33,"A<B","m5<m3",3.67,"A>B","m5>m3",6.33,"A<B","m5<m3",,,,,,,,,,,,,,,,,,,,,,,,,,,,,,,,,,,,"A4",
293,24,13,2,"2016-07-09 08:25:22","2016-07-09 08:45:07",1,5,8,1,1,,1,1188.84,40.34,452.76,695.74,"M",41,4,1,,,,,,,,,,1,,1,,,,,,,,,,1,,16,0,0,1,1,,,,,,,1,2.5,408.76,0.5,0.00611605832273217,5,"m5a",102,4,45,45,3,0,2,1,4,3,8,7,5,12,2,2,2,1,2,1,1,2,10,4,7,0,4,3,4,1,2.75,114.04,0.55,0.0241143458435637,4,"m4b",96,4,40,50,1,4,4,1,4,2,11,2,5,6,2,3,3,3,6,3,2,2,9,2,0,2,1,10,2,5,"m5vs4","m5vs4",4.43,"A>B","m5>m4",5,"A=B","m5=m4",2.78,"A>B","m5>m4",7.22,"A<B","m5<m4",,,,,,,,,,,,,,,,,,,,,,,,,,,,,,,,,,,,,
297,28,12,2,"2016-07-09 20:31:39","2016-07-09 22:45:47",1,5,8,1,1,,1,8049.07,94.83,7169.77,784.469999999999,"M",20,2,1,,,,,,,,,1,,,1,,,,,,,,,,1,,0,0,0,1,1,,,,,,,5,4,208.35,0.8,0.0191984641228702,6,"m6a",114,4,37,53,1,1,8,0,1,5,10,2,3,6,4,6,2,0,9,3,2,3,3,4,10,0,0,6,1,3,5,213.46,1,0.0234235922421062,3,"m3b",87,5,42,48,1,9,7,0,4,6,1,1,5,8,0,4,2,10,6,5,2,2,2,7,0,0,0,8,0,6,"m6vs3","m6vs3",2.43,"A>B","m6>m3",6.33,"A<B","m6<m3",7.22,"A<B","m6<m3",2.78,"A>B","m6>m3",,,,,,,,,,,,,,,,,,,,,,,,,,,,,,,,,,,,"A3",
298,29,14,2,"2016-07-09 21:51:38",,1,5,7,1,1,,2,7243.42,785.89,4488.44,1969.09,"F",55,4,1,,,,,,,,,,1,,1,,,,,,,,,,1,,0,5,0,1,1,,,,,,,3,3,562.83,0.6,0.005330206278983,6,"m6a",114,4,37,53,1,1,8,0,1,5,10,2,3,6,4,6,2,0,9,3,2,3,3,4,10,0,0,6,1,3,4.75,495.96,0.95,0.00957738527300589,4,"m4b",96,4,40,50,1,4,4,1,4,2,11,2,5,6,2,3,3,3,6,3,2,2,9,2,0,2,1,10,2,3,"m6vs4","m6vs4",3.29,"A>B","m6>m4",5,"A=B","m6=m4",6.33,"A<B","m6<m4",3.67,"A>B","m6>m4",,,,,,,,,,,,,,,,,,,,,,,,,,,,,,,,,,,,,
303,4,4,1,"2016-07-10 20:17:00","2016-07-10 20:32:53",1,6,8,1,2,1,4,954.9,97.25,0,857.65,"M",48,2,1,,,,,,,,,,1,,1,,,,,,,,,,1,,25,1,0,2,,,,1,1,,,4,1,154.55,0.2,0.00647039792947266,1,"m1a",72,2,44,46,4,5,0,0,8,10,0,0,5,12,4,0,7,5,0,5,3,5,3,4,1,0,2,7,0,4,0,221.01,0,0,5,"m5a",102,4,45,45,3,0,2,1,4,3,8,7,5,12,2,2,2,1,2,1,1,2,10,4,7,0,4,3,4,3,"m1vs5","m5vs1",2.14,"A>B","m5>m1",2.33,"A>B","m5>m1",4.56,"A=B","m5=m1",5.44,"A=B","m5=m1",9,,3,,,1,3,3,,,2,,,,,,,1,1,,,,,,,,,,,,1,,,4,,"A1",
304,5,5,1,"2016-07-10 21:12:47","2016-07-10 21:37:55",1,6,8,1,1,,4,1511.46,6.79,13.91,1490.76,"F",55,4,1,,,,,,,,,,1,,1,,,,,,,,,,1,,0,5,0,1,,,,1,,,,3,4,402.03,0.8,0.00994950625575206,1,"m1a",72,2,44,46,4,5,0,0,8,10,0,0,5,12,4,0,7,5,0,5,3,5,3,4,1,0,2,7,0,3,4,212.83,0.8,0.0187943429027863,6,"m6a",114,4,37,53,1,1,8,0,1,5,10,2,3,6,4,6,2,0,9,3,2,3,3,4,10,0,0,6,1,6,"m1vs6","m6vs1",1,"A>B","m6>m1",2.33,"A>B","m6>m1",8.11,"A<B","m6<m1",1.89,"A>B","m6>m1",12,2,,3,,,4,4,4,,,,,4,,,,,4,4,,,,,2,,,3,,3,2,,,,,"A1",
307,8,7,1,"2016-07-11 14:36:18","2016-07-11 16:27:32",1,5,8,1,1,,2,6677.96,129.95,5057.71,1490.3,"M",56,3,1,,,,,,,,,,1,,1,,,,,,,,,,1,,35,3,,,,,,,,,,3,2,555.79,0.4,0.00359848144083197,2,"m2a",82,5,36,54,1,5,1,1,1,7,5,1,1,13,3,2,5,4,3,2,8,0,10,4,2,1,1,8,1,3,3,609,0.6,0.00492610837438424,4,"m4a",96,4,40,50,1,4,4,1,4,2,11,2,5,6,2,3,3,3,6,3,2,2,9,2,0,2,1,10,2,5,"m2vs4","m4vs2",3.67,"A>B","m4>m2",6.33,"A<B","m4<m2",3.22,"A>B","m4>m2",6.78,"A<B","m4<m2",,,,,,,,,,,,,,,,,,,,,,,,,,,,,,,,,,,,,
308,9,8,1,"2016-07-11 14:36:50","2016-07-25 16:31:54",1,5,8,1,1,,6,827.39,19.3,219.86,588.23,"F",29,3,2,,,,,,1,,,,1,,2,,,1,,1,,,,,,,8,5,0,3,,1,,1,,1,,2,2,174.93,0.4,0.011433144686446,2,"m2a",82,5,36,54,1,5,1,1,1,7,5,1,1,13,3,2,5,4,3,2,8,0,10,4,2,1,1,8,1,2,1,106.3,0.2,0.00940733772342427,5,"m5a",102,4,45,45,3,0,2,1,4,3,8,7,5,12,2,2,2,1,2,1,1,2,10,4,7,0,4,3,4,8,"m2vs5","m5vs2",3.1,"A>B","m5>m2",6.33,"A<B","m5<m2",1,"A>B","m5>m2",9,"A<B","m5<m2",,,,,,,,,,,,,,,,,,,,,,,,,,,,,,,,,,,,"A4",
309,10,9,1,"2016-07-11 18:25:09","2016-07-11 21:18:45",1,5,8,1,1,,6,9994.14,24.23,9239.49,730.42,"M",53,3,1,,1,,,,,,,,,,3,,1,,1,,1,,,,,,31,28,3,3,,1,,1,,1,,4,4,276.27,0.8,0.0144785897853549,2,"m2a",82,5,36,54,1,5,1,1,1,7,5,1,1,13,3,2,5,4,3,2,8,0,10,4,2,1,1,8,1,5,5,187.92,1,0.0266070668369519,6,"m6a",114,4,37,53,1,1,8,0,1,5,10,2,3,6,4,6,2,0,9,3,2,3,3,4,10,0,0,6,1,7,"m2vs6","m6vs2",1.95,"A>B","m6>m2",6.33,"A<B","m6<m2",4.56,"A=B","m6=m2",5.44,"A=B","m6=m2",,,,,,,,,,,,,,,,,,,,,,,,,,,,,,,,,,,,,
310,11,2,2,"2016-07-11 20:26:07","2016-07-12 02:48:13",1,3,8,1,1,,2,22697.6,18421.2,3866.11,410.289999999997,,,5,1,,,,,,,,,,,"Past advisor of clients on process technology",1,,,,,,,,,,1,,30,1,4,1,1,,,,,,,,,7.1,,,3,"m3a",87,5,42,48,1,9,7,0,4,6,1,1,5,8,0,4,2,10,6,5,2,2,2,7,0,0,0,8,0,6,2.25,129.05,0.45,0.0174351026733824,1,"m1b",72,2,44,46,4,5,0,0,8,10,0,0,5,12,4,0,7,5,0,5,3,5,3,4,1,0,2,7,0,1,"m3vs1","m3vs1",3.57,"A>B","m3>m1",1,"A>B","m3>m1",5.89,"A<B","m3<m1",4.11,"A>B","m3>m1",,,,,,,,,,,,,,,,,,,,,,,,,,,,,,,,,,,,"A4",
316,17,7,2,"2016-07-12 07:27:59","2016-07-12 08:36:36",1,5,8,1,1,,2,1138.57,6.4,16.08,1116.09,"M",33,4,1,,,,,,,,,,1,,1,,,,,,,,,,1,,9,4,0,1,1,,,,,,,6,4.75,266.27,0.95,0.0178390355654035,4,"m4a",96,4,40,50,1,4,4,1,4,2,11,2,5,6,2,3,3,3,6,3,2,2,9,2,0,2,1,10,2,6,4,211.07,0.8,0.0189510588904155,2,"m2b",82,5,36,54,1,5,1,1,1,7,5,1,1,13,3,2,5,4,3,2,8,0,10,4,2,1,1,8,1,6,"m4vs2","m4vs2",3.67,"A>B","m4>m2",6.33,"A<B","m4<m2",3.22,"A>B","m4>m2",6.78,"A<B","m4<m2",,,,,,,,,,,,,,,,,,,,,,,,,,,,,,,,,,,,"A3",
317,18,10,2,"2016-07-12 12:43:32","2016-07-12 14:17:23",1,6,8,1,1,,4,5633.55,309.26,3878.13,1446.16,"M",52,,1,,,,,,,,,,,"business consultant",1,,,,,,,,,,1,,20,4,6,1,,1,,,,,,2,2,244.23,0.4,0.00818900217008557,4,"m4a",96,4,40,50,1,4,4,1,4,2,11,2,5,6,2,3,3,3,6,3,2,2,9,2,0,2,1,10,2,3,3.75,176.59,0.75,0.0212356305566567,3,"m3b",87,5,42,48,1,9,7,0,4,6,1,1,5,8,0,4,2,10,6,5,2,2,2,7,0,0,0,8,0,3,"m4vs3","m4vs3",4.14,"A>B","m4>m3",6.33,"A<B","m4<m3",5.89,"A<B","m4<m3",4.11,"A>B","m4>m3",13,,,2,7,2,,,,2,,,,,2,,2,,,7,,,,2,,,2,,,7,2,,6,,2,"A4",
322,23,11,2,"2016-07-12 23:12:11","2016-07-13 02:10:37",1,6,8,1,1,,6,10707.7,63,9946,698.700000000001,"M",46,4,1,,,,,,,1,,,,,3,1,,,1,1,,,,,,,23,20,2,5,,1,,1,1,1,"IDEF",2,3,205.96,0.6,0.0145659351330355,5,"m5a",102,4,45,45,3,0,2,1,4,3,8,7,5,12,2,2,2,1,2,1,1,2,10,4,7,0,4,3,4,3,2.75,197.41,0.55,0.0139303986626817,3,"m3b",87,5,42,48,1,9,7,0,4,6,1,1,5,8,0,4,2,10,6,5,2,2,2,7,0,0,0,8,0,3,"m5vs3","m5vs3",3.57,"A>B","m5>m3",6.33,"A<B","m5<m3",3.67,"A>B","m5>m3",6.33,"A<B","m5<m3",10,1,,,,,2,,5,,,,,,,4,,,4,5,,,,7,6,,,,3,,,,,3,,"A2",
325,26,5,2,"2016-07-13 04:45:16","2016-07-13 07:30:54",1,5,8,1,1,,6,8488.36,61.15,144.11,8283.1,"M",40,5,1,,,,,,,,,,1,,2,,,,1,,1,,,,,,15,5,1,3,,1,,1,,1,,3,4,6985.17,0.8,0.000572641753887164,6,"m6a",114,4,37,53,1,1,8,0,1,5,10,2,3,6,4,6,2,0,9,3,2,3,3,4,10,0,0,6,1,3,5,416.13,1,0.0120154759330017,1,"m1b",72,2,44,46,4,5,0,0,8,10,0,0,5,12,4,0,7,5,0,5,3,5,3,4,1,0,2,7,0,4,"m6vs1","m6vs1",1,"A>B","m6>m1",2.33,"A>B","m6>m1",8.11,"A<B","m6<m1",1.89,"A>B","m6>m1",,,,,,,,,,,,,,,,,,,,,,,,,,,,,,,,,,,,"A1",
328,29,14,2,"2016-07-13 07:23:53","2016-07-13 08:25:27",1,5,8,1,1,,4,3630.88,239.47,370.77,3020.64,"M",38,3,2,,,,,,1,,,,1,,2,,,,1,,1,,,,,,15,10,1,1,,1,,,,,,3,5,1389.73,1,0.0035978211595058,6,"m6a",114,4,37,53,1,1,8,0,1,5,10,2,3,6,4,6,2,0,9,3,2,3,3,4,10,0,0,6,1,3,4,563.56,0.8,0.0070977358222727,4,"m4b",96,4,40,50,1,4,4,1,4,2,11,2,5,6,2,3,3,3,6,3,2,2,9,2,0,2,1,10,2,6,"m6vs4","m6vs4",3.29,"A>B","m6>m4",5,"A=B","m6=m4",6.33,"A<B","m6<m4",3.67,"A>B","m6>m4",,,,,,,,,,,,,,,,,,,,,,,,,,,,,,,,,,,,"A1",
333,4,4,1,"2016-07-13 09:34:28","2016-07-13 11:43:48",1,5,8,1,1,,4,7763.22,41.22,6720.47,1001.53,"M",37,4,1,,,,,,,,,,1,,1,,,,1,,,,,,,,10,8,10,1,,1,,,,,,4,2,390.17,0.4,0.00512597073070713,1,"m1a",72,2,44,46,4,5,0,0,8,10,0,0,5,12,4,0,7,5,0,5,3,5,3,4,1,0,2,7,0,6,4,307.38,0.8,0.0130132084065326,5,"m5a",102,4,45,45,3,0,2,1,4,3,8,7,5,12,2,2,2,1,2,1,1,2,10,4,7,0,4,3,4,7,"m1vs5","m5vs1",2.14,"A>B","m5>m1",2.33,"A>B","m5>m1",4.56,"A=B","m5=m1",5.44,"A=B","m5=m1",,,,,,,,,,,,,,,,,,,,,,,,,,,,,,,,,,,,"A3",
335,6,1,2,"2016-07-13 13:49:23","2016-07-13 14:36:36",1,5,8,1,1,,6,2835.45,37.38,761.99,2036.08,"M",40,5,2,,,,,1,,,1,,,,2,,,,,,1,,,,,"Adaptive case management SHOULD NOT be modeled in advance",19,15,16,5,,1,1,1,1,1,,2,1,748.13,0.2,0.0013366660874447,2,"m2a",82,5,36,54,1,5,1,1,1,7,5,1,1,13,3,2,5,4,3,2,8,0,10,4,2,1,1,8,1,2,1.75,422.65,0.35,0.00414054181947238,1,"m1b",72,2,44,46,4,5,0,0,8,10,0,0,5,12,4,0,7,5,0,5,3,5,3,4,1,0,2,7,0,4,"m2vs1","m2vs1",4.05,"A>B","m2>m1",1,"A>B","m2>m1",8.56,"A<B","m2<m1",1.44,"A>B","m2>m1",,,,,,,,,,,,,,,,,,,,,,,,,,,,,,,,,,,,"A2",
336,7,6,1,"2016-07-13 14:36:07","2016-07-13 16:17:05",1,6,8,1,1,,4,749.32,10.73,19.08,719.51,"F",51,5,1,,,,,,,,,,,"researcher",2,,,,1,,1,,,,,,19,5,50,3,,1,,1,,,"artifact centric appraoch",3,3,199.44,0.6,0.0150421179302046,2,"m2a",82,5,36,54,1,5,1,1,1,7,5,1,1,13,3,2,5,4,3,2,8,0,10,4,2,1,1,8,1,3,4,83.11,0.8,0.0481289856816268,3,"m3a",87,5,42,48,1,9,7,0,4,6,1,1,5,8,0,4,2,10,6,5,2,2,2,7,0,0,0,8,0,4,"m2vs3","m3vs2",4.52,"A=B","m3=m2",5,"A=B","m3=m2",2.33,"A>B","m3>m2",7.67,"A<B","m3<m2",12,1,,1,,,,2,6,2,,,,1,,1,,,5,,,5,1,,,,,,,7,,,,1,,,
340,11,2,2,"2016-07-13 22:33:53","2016-07-13 22:54:50",1,5,8,1,1,,4,1260.5,10.97,546.1,703.43,"F",48,4,1,,,,,,,,,,1,,1,,1,,,,,,,,,,24,5,10,3,,1,,1,1,,,3,4.75,256.84,0.95,0.0184940040492135,3,"m3a",87,5,42,48,1,9,7,0,4,6,1,1,5,8,0,4,2,10,6,5,2,2,2,7,0,0,0,8,0,3,1,135.79,0.2,0.00736431254142426,1,"m1b",72,2,44,46,4,5,0,0,8,10,0,0,5,12,4,0,7,5,0,5,3,5,3,4,1,0,2,7,0,6,"m3vs1","m3vs1",3.57,"A>B","m3>m1",1,"A>B","m3>m1",5.89,"A<B","m3<m1",4.11,"A>B","m3>m1",,,,,,,,,,,,,,,,,,,,,,,,,,,,,,,,,,,,"A2",
341,12,6,2,"2016-07-14 01:51:52","2016-07-25 18:29:41",1,5,8,1,1,,2,4625.58,131.34,3136.92,1357.32,"M",45,4,1,,,,,1,,,,,,,1,,,,,,,,,,1,,0,0,2,1,1,,,,,,,5,4,435.68,0.8,0.00918105031215571,3,"m3a",87,5,42,48,1,9,7,0,4,6,1,1,5,8,0,4,2,10,6,5,2,2,2,7,0,0,0,8,0,5,2,396.54,0.4,0.0050436273768094,2,"m2b",82,5,36,54,1,5,1,1,1,7,5,1,1,13,3,2,5,4,3,2,8,0,10,4,2,1,1,8,1,6,"m3vs2","m3vs2",4.52,"A=B","m3=m2",5,"A=B","m3=m2",2.33,"A>B","m3>m2",7.67,"A<B","m3<m2",,,,,,,,,,,,,,,,,,,,,,,,,,,,,,,,,,,,"A2",
349,20,14,1,"2016-07-14 15:47:57","2016-07-14 20:38:29",1,5,8,1,1,,4,17434.9,74.02,14463.8,2897.08,"F",57,4,1,,,,,,,,,,,"business consultant",1,,,,,,,,,,1,,25,25,4,2,,1,,1,,,,3,2.75,1578.6,0.55,0.00174204991764855,4,"m4a",96,4,40,50,1,4,4,1,4,2,11,2,5,6,2,3,3,3,6,3,2,2,9,2,0,2,1,10,2,3,3,381.88,0.6,0.00785587095422646,6,"m6a",114,4,37,53,1,1,8,0,1,5,10,2,3,6,4,6,2,0,9,3,2,3,3,4,10,0,0,6,1,3,"m4vs6","m6vs4",3.29,"A>B","m6>m4",5,"A=B","m6=m4",6.33,"A<B","m6<m4",3.67,"A>B","m6>m4",,,,,,,,,,,,,,,,,,,,,,,,,,,,,,,,,,,,"A4",
354,25,15,1,"2016-07-15 23:35:46","2016-07-16 00:27:51",1,5,8,1,1,,4,3129.69,20.18,2468.7,640.81,"M",50,3,1,,,,,,,,,,1,,1,,,,,,,,,,1,,28,23,8,2,,1,,1,,,,3,2,170.72,0.4,0.0117150890346767,5,"m5a",102,4,45,45,3,0,2,1,4,3,8,7,5,12,2,2,2,1,2,1,1,2,10,4,7,0,4,3,4,3,3,144.62,0.6,0.0207440188079104,6,"m6a",114,4,37,53,1,1,8,0,1,5,10,2,3,6,4,6,2,0,9,3,2,3,3,4,10,0,0,6,1,3,"m5vs6","m6vs5",3.86,"A>B","m6>m5",5,"A=B","m6=m5",8.56,"A<B","m6<m5",1.44,"A>B","m6>m5",,,,,,,,,,,,,,,,,,,,,,,,,,,,,,,,,,,,,
355,26,5,2,"2016-07-18 04:17:22","2016-07-18 06:05:01",1,6,8,1,1,,3,6462.13,148.31,4860.52,1453.3,"M",58,4,2,,,,,1,,,1,,,,1,,,,,,,,,,1,,38,0,0,2,,,,1,1,,,4,2,480.16,0.4,0.00416527824058647,6,"m6a",114,4,37,53,1,1,8,0,1,5,10,2,3,6,4,6,2,0,9,3,2,3,3,4,10,0,0,6,1,3,3,317.5,0.6,0.0094488188976378,1,"m1b",72,2,44,46,4,5,0,0,8,10,0,0,5,12,4,0,7,5,0,5,3,5,3,4,1,0,2,7,0,2,"m6vs1","m6vs1",1,"A>B","m6>m1",2.33,"A>B","m6>m1",8.11,"A<B","m6<m1",1.89,"A>B","m6>m1",11,,,3,,,,,,,3,,,3,,,,,,,,3,1,,,,4,,2,2,3,2,2,,,"A4",
356,27,9,2,"2016-07-18 09:33:53","2016-07-18 16:52:36",1,6,8,1,1,,3,23816,62.6,21928.4,1825,"M",30,3,2,,,,,,1,,,,,"Software Developer",1,,,,,,,,,,,"I don't have enough experience in BPNM or CMMN",8,0,0,2,,,,1,1,,,3,4,237.75,0.8,0.0168243953732913,6,"m6a",114,4,37,53,1,1,8,0,1,5,10,2,3,6,4,6,2,0,9,3,2,3,3,4,10,0,0,6,1,5,3,838.29,0.6,0.00357871381025659,2,"m2b",82,5,36,54,1,5,1,1,1,7,5,1,1,13,3,2,5,4,3,2,8,0,10,4,2,1,1,8,1,2,"m6vs2","m6vs2",1.95,"A>B","m6>m2",6.33,"A<B","m6<m2",4.56,"A=B","m6=m2",5.44,"A=B","m6=m2",8,,,,,,,1,,,,,,,1,,,,1,3,,,3,,6,1,,,,,,1,,,,"A4",
357,28,12,2,"2016-07-18 14:39:10","2016-07-18 16:20:11",1,5,8,1,1,,6,2037.77,45.52,20.83,1971.42,"M",42,4,2,,,,,,,1,,,1,,2,,,,1,,1,,,,,,15,5,24,2,,1,,,,1,,2,4,818.97,0.8,0.00488418379183609,6,"m6a",114,4,37,53,1,1,8,0,1,5,10,2,3,6,4,6,2,0,9,3,2,3,3,4,10,0,0,6,1,3,2,437.41,0.4,0.00457236917308703,3,"m3b",87,5,42,48,1,9,7,0,4,6,1,1,5,8,0,4,2,10,6,5,2,2,2,7,0,0,0,8,0,7,"m6vs3","m6vs3",2.43,"A>B","m6>m3",6.33,"A<B","m6<m3",7.22,"A<B","m6<m3",2.78,"A>B","m6>m3",,,,,,,,,,,,,,,,,,,,,,,,,,,,,,,,,,,,"A1",
372,13,10,1,"2016-07-18 15:57:22","2016-07-18 16:21:05",1,5,8,1,1,,6,1427.5,225,517.81,684.69,"F",39,4,2,,1,,1,,,,,,,,4,,1,1,,,1,,,1,,,10,2,1,2,,1,,,,1,,4,3,193.83,0.6,0.0154774802662127,3,"m3a",87,5,42,48,1,9,7,0,4,6,1,1,5,8,0,4,2,10,6,5,2,2,2,7,0,0,0,8,0,3,1,177.33,0.2,0.00563920374443129,4,"m4a",96,4,40,50,1,4,4,1,4,2,11,2,5,6,2,3,3,3,6,3,2,2,9,2,0,2,1,10,2,4,"m3vs4","m4vs3",4.14,"A>B","m4>m3",6.33,"A<B","m4<m3",5.89,"A<B","m4<m3",4.11,"A>B","m4>m3",,,,,,,,,,,,,,,,,,,,,,,,,,,,,,,,,,,,,
374,15,12,1,"2016-07-18 16:09:02","2016-07-18 18:28:25",1,6,8,1,1,,6,8367.2,81.78,7575.28,710.140000000001,"M",39,3,1,,,,,,,,,,1,,2,,1,,1,,,,,,,,16,1,2,2,,1,,,,1,,3,3,203.76,0.6,0.0147232037691402,3,"m3a",87,5,42,48,1,9,7,0,4,6,1,1,5,8,0,4,2,10,6,5,2,2,2,7,0,0,0,8,0,4,1,127.53,0.2,0.00784129224496197,6,"m6a",114,4,37,53,1,1,8,0,1,5,10,2,3,6,4,6,2,0,9,3,2,3,3,4,10,0,0,6,1,7,"m3vs6","m6vs3",2.43,"A>B","m6>m3",6.33,"A<B","m6<m3",7.22,"A<B","m6<m3",2.78,"A>B","m6>m3",10,,,5,,2,,5,,,,,,,,,,3,,3,,6,,,4,,6,4,3,,,,,,,,
383,24,13,2,"2016-07-18 20:43:26","2016-07-18 21:26:38",1,5,8,1,1,,4,2595.36,31.02,844.85,1719.49,"F",33,3,1,,,,,,,,,,1,,2,,1,,1,,,,,,,,10,7,0,2,,1,,1,,,,3,3.5,800.26,0.7,0.00437357858695924,5,"m5a",102,4,45,45,3,0,2,1,4,3,8,7,5,12,2,2,2,1,2,1,1,2,10,4,7,0,4,3,4,3,3.75,427.35,0.75,0.00877500877500877,4,"m4b",96,4,40,50,1,4,4,1,4,2,11,2,5,6,2,3,3,3,6,3,2,2,9,2,0,2,1,10,2,6,"m5vs4","m5vs4",4.43,"A>B","m5>m4",5,"A=B","m5=m4",2.78,"A>B","m5>m4",7.22,"A<B","m5<m4",,,,,,,,,,,,,,,,,,,,,,,,,,,,,,,,,,,,"A3",
388,29,14,2,"2016-07-19 05:05:24","2016-07-19 09:03:07",1,5,8,1,1,,6,14267,7278.01,5610.43,1378.56,"F",31,3,3,,1,,1,,,,,,1,,2,,1,,1,,,,,,,,10,3,,2,,1,,,,1,,6,4,196.62,0.8,0.0203438103956871,6,"m6a",114,4,37,53,1,1,8,0,1,5,10,2,3,6,4,6,2,0,9,3,2,3,3,4,10,0,0,6,1,6,3,175.08,0.6,0.0171350239890336,4,"m4b",96,4,40,50,1,4,4,1,4,2,11,2,5,6,2,3,3,3,6,3,2,2,9,2,0,2,1,10,2,5,"m6vs4","m6vs4",3.29,"A>B","m6>m4",5,"A=B","m6=m4",6.33,"A<B","m6<m4",3.67,"A>B","m6>m4",,,,,,,,,,,,,,,,,,,,,,,,,,,,,,,,,,,,,
391,2,2,1,"2016-07-19 20:39:32","2016-07-19 21:51:39",1,6,8,1,1,,1,4273.7,68.53,1954.51,2250.66,"M",58,5,1,,,,,,,,,,,"Consultant - Technology and Business",,,,,,,,,,,,,,,,,,,,,,,,3,3.75,369.49,0.75,0.0101491244688625,1,"m1a",72,2,44,46,4,5,0,0,8,10,0,0,5,12,4,0,7,5,0,5,3,5,3,4,1,0,2,7,0,4,5,1561.95,1,0.00320112679663241,3,"m3a",87,5,42,48,1,9,7,0,4,6,1,1,5,8,0,4,2,10,6,5,2,2,2,7,0,0,0,8,0,7,"m1vs3","m3vs1",3.57,"A>B","m3>m1",1,"A>B","m3>m1",5.89,"A<B","m3<m1",4.11,"A>B","m3>m1",15,,2,2,2,,2,,,,4,2,2,,2,2,,,2,,,,3,,,,2,2,,2,,2,,,,"A1",
392,3,3,1,"2016-07-19 22:20:47","2016-07-19 22:59:56",1,5,8,1,1,,4,2352.28,101.44,1029.86,1220.98,"M",57,5,5,,1,,1,1,,1,,,1,,1,,,,,1,,,,,,,25,25,0,3,,1,,,1,,"ArchiMate",3,4,522.51,0.8,0.0076553558783564,1,"m1a",72,2,44,46,4,5,0,0,8,10,0,0,5,12,4,0,7,5,0,5,3,5,3,4,1,0,2,7,0,3,4.75,240.12,0.95,0.0197817757787773,4,"m4a",96,4,40,50,1,4,4,1,4,2,11,2,5,6,2,3,3,3,6,3,2,2,9,2,0,2,1,10,2,3,"m1vs4","m4vs1",2.71,"A>B","m4>m1",2.33,"A>B","m4>m1",6.78,"A<B","m4<m1",3.22,"A>B","m4>m1",,,,,,,,,,,,,,,,,,,,,,,,,,,,,,,,,,,,"A2",
394,5,5,1,"2016-07-20 04:37:41","2016-07-20 05:31:47",1,5,8,1,1,,2,3249.87,65.14,1980.45,1204.28,"F",38,4,1,,,,,,1,,,,,,1,,,,,,,,,,1,,15,1,0,,,,,,,,,5,3,506.92,0.6,0.00591809358478655,1,"m1a",72,2,44,46,4,5,0,0,8,10,0,0,5,12,4,0,7,5,0,5,3,5,3,4,1,0,2,7,0,5,0,328.64,0,0,6,"m6a",114,4,37,53,1,1,8,0,1,5,10,2,3,6,4,6,2,0,9,3,2,3,3,4,10,0,0,6,1,4,"m1vs6","m6vs1",1,"A>B","m6>m1",2.33,"A>B","m6>m1",8.11,"A<B","m6<m1",1.89,"A>B","m6>m1",,,,,,,,,,,,,,,,,,,,,,,,,,,,,,,,,,,,,
396,7,6,1,"2016-07-20 06:49:32","2016-07-20 08:36:11",1,6,8,1,1,,4,6401.86,928.43,3965.42,1508.01,"F",31,4,1,,,,,,,,,,1,,1,,,,,,,,,,1,,7,7,12,1,,1,,,,,,6,2,288.06,0.4,0.00694299798653058,2,"m2a",82,5,36,54,1,5,1,1,1,7,5,1,1,13,3,2,5,4,3,2,8,0,10,4,2,1,1,8,1,4,5,907.19,1,0.00551152459793428,3,"m3a",87,5,42,48,1,9,7,0,4,6,1,1,5,8,0,4,2,10,6,5,2,2,2,7,0,0,0,8,0,6,"m2vs3","m3vs2",4.52,"A=B","m3=m2",5,"A=B","m3=m2",2.33,"A>B","m3>m2",7.67,"A<B","m3<m2",12,1,,5,,,5,3,2,,5,,,,2,,,5,,4,,,,,,,2,,2,3,,,,,,,
400,11,2,2,"2016-07-20 17:02:42","2016-07-20 18:09:27",1,6,8,1,1,,2,2940.01,14.85,1797.28,1127.88,"M",41,3,1,,,,,,,,,,1,,1,,,,,,,,,,1,,0,15,0,,,,,,,,,6,3,463.12,0.6,0.00647780272931422,3,"m3a",87,5,42,48,1,9,7,0,4,6,1,1,5,8,0,4,2,10,6,5,2,2,2,7,0,0,0,8,0,6,4,167.07,0.8,0.0239420602142814,1,"m1b",72,2,44,46,4,5,0,0,8,10,0,0,5,12,4,0,7,5,0,5,3,5,3,4,1,0,2,7,0,3,"m3vs1","m3vs1",3.57,"A>B","m3>m1",1,"A>B","m3>m1",5.89,"A<B","m3<m1",4.11,"A>B","m3>m1",13,1,,2,,2,,,,4,,,,,,2,,,,3,,,2,1,,,2,,,,2,2,2,,2,"A1",
404,15,12,1,"2016-07-20 19:45:34","2016-07-26 02:18:30",1,5,8,1,1,,4,1886.71,7.87,361.15,1517.69,"M",58,4,1,,,,,,,1,,,,,1,,,,,,,,,,1,,30,15,2,2,,,,1,1,,,3,2.75,920.42,0.55,0.00298776645444471,3,"m3a",87,5,42,48,1,9,7,0,4,6,1,1,5,8,0,4,2,10,6,5,2,2,2,7,0,0,0,8,0,3,3,271.57,0.6,0.0110468755753581,6,"m6a",114,4,37,53,1,1,8,0,1,5,10,2,3,6,4,6,2,0,9,3,2,3,3,4,10,0,0,6,1,5,"m3vs6","m6vs3",2.43,"A>B","m6>m3",6.33,"A<B","m6<m3",7.22,"A<B","m6<m3",2.78,"A>B","m6>m3",,,,,,,,,,,,,,,,,,,,,,,,,,,,,,,,,,,,"A1",
405,16,3,2,"2016-07-20 21:13:26","2016-07-20 21:46:25",1,5,8,1,1,,4,1981.78,5.2,382.46,1594.12,,,3,1,,,,,,,,,,1,,1,,,,,,,,,,1,,27,10,0,1,,1,,,,,,4,3,724.04,0.6,0.00414341749074637,4,"m4a",96,4,40,50,1,4,4,1,4,2,11,2,5,6,2,3,3,3,6,3,2,2,9,2,0,2,1,10,2,5,3,701.43,0.6,0.00427697703263333,1,"m1b",72,2,44,46,4,5,0,0,8,10,0,0,5,12,4,0,7,5,0,5,3,5,3,4,1,0,2,7,0,8,"m4vs1","m4vs1",2.71,"A>B","m4>m1",2.33,"A>B","m4>m1",6.78,"A<B","m4<m1",3.22,"A>B","m4>m1",,,,,,,,,,,,,,,,,,,,,,,,,,,,,,,,,,,,"A4",
409,20,14,1,"2016-07-21 08:51:38","2016-07-21 11:25:04",1,5,8,1,1,,4,815.07,25.37,97.59,692.11,"M",54,3,5,,1,1,1,,,1,,,1,,2,,,,,,1,,,,1,,25,4,10,1,,1,,,,,,1,0,105.07,0,0,4,"m4a",96,4,40,50,1,4,4,1,4,2,11,2,5,6,2,3,3,3,6,3,2,2,9,2,0,2,1,10,2,1,0,38.8,0,0,6,"m6a",114,4,37,53,1,1,8,0,1,5,10,2,3,6,4,6,2,0,9,3,2,3,3,4,10,0,0,6,1,5,"m4vs6","m6vs4",3.29,"A>B","m6>m4",5,"A=B","m6=m4",6.33,"A<B","m6<m4",3.67,"A>B","m6>m4",,,,,,,,,,,,,,,,,,,,,,,,,,,,,,,,,,,,,
410,21,4,2,"2016-07-21 11:36:22","2016-07-21 12:11:22",1,5,8,1,1,,4,2101.32,64.99,993.11,1043.22,"M",54,1,3,,1,,,,,1,,,1,,1,,,,,,,,,,1,,32,25,30,2,,1,,1,,,,4,2,320.26,0.4,0.00624492599762693,5,"m5a",102,4,45,45,3,0,2,1,4,3,8,7,5,12,2,2,2,1,2,1,1,2,10,4,7,0,4,3,4,3,5,474.16,1,0.0105449637253248,1,"m1b",72,2,44,46,4,5,0,0,8,10,0,0,5,12,4,0,7,5,0,5,3,5,3,4,1,0,2,7,0,5,"m5vs1","m5vs1",2.14,"A>B","m5>m1",2.33,"A>B","m5>m1",4.56,"A=B","m5=m1",5.44,"A=B","m5=m1",,,,,,,,,,,,,,,,,,,,,,,,,,,,,,,,,,,,"A1",
413,24,13,2,"2016-07-22 00:24:43","2016-07-22 01:03:24",1,5,8,1,1,,6,2322.72,14.24,1499.91,808.57,"M",53,3,4,,1,,1,,,1,,,1,,2,,,,1,1,,,,,,,33,18,0,4,,1,,1,,1,"BPEL",3,4,229.27,0.8,0.0174466785885637,5,"m5a",102,4,45,45,3,0,2,1,4,3,8,7,5,12,2,2,2,1,2,1,1,2,10,4,7,0,4,3,4,3,3.75,244.19,0.75,0.0153568942217126,4,"m4b",96,4,40,50,1,4,4,1,4,2,11,2,5,6,2,3,3,3,6,3,2,2,9,2,0,2,1,10,2,1,"m5vs4","m5vs4",4.43,"A>B","m5>m4",5,"A=B","m5=m4",2.78,"A>B","m5>m4",7.22,"A<B","m5<m4",,,,,,,,,,,,,,,,,,,,,,,,,,,,,,,,,,,,"A1",
419,30,15,2,"2016-07-25 15:51:50","2016-07-25 16:11:44",1,5,8,1,1,,4,1196.96,91.4,484.91,620.65,"M",32,3,1,,,1,,,,,,,,,1,,,,,,,,,1,,,12,8,24,3,,1,,1,1,,,3,2,135.55,0.4,0.0147547030616009,6,"m6a",114,4,37,53,1,1,8,0,1,5,10,2,3,6,4,6,2,0,9,3,2,3,3,4,10,0,0,6,1,4,2.5,101.17,0.5,0.0247108826727291,5,"m5b",102,4,45,45,3,0,2,1,4,3,8,7,5,12,2,2,2,1,2,1,1,2,10,4,7,0,4,3,4,4,"m6vs5","m6vs5",3.86,"A>B","m6>m5",5,"A=B","m6=m5",8.56,"A<B","m6<m5",1.44,"A>B","m6>m5",,,,,,,,,,,,,,,,,,,,,,,,,,,,,,,,,,,,"A3",
423,4,4,1,"2016-07-26 11:04:02","2016-07-26 12:08:27",1,6,8,1,1,,4,3732.87,126.6,2445.23,1161.04,"M",63,3,1,,,,,,,,,,1,,1,,,,,,,,,,1,,40,2,0,2,,,,1,1,,,5,3,407.79,0.6,0.0073567277275068,1,"m1a",72,2,44,46,4,5,0,0,8,10,0,0,5,12,4,0,7,5,0,5,3,5,3,4,1,0,2,7,0,4,2,227.53,0.4,0.0087900496637806,5,"m5a",102,4,45,45,3,0,2,1,4,3,8,7,5,12,2,2,2,1,2,1,1,2,10,4,7,0,4,3,4,4,"m1vs5","m5vs1",2.14,"A>B","m5>m1",2.33,"A>B","m5>m1",4.56,"A=B","m5=m1",5.44,"A=B","m5=m1",11,,,5,,,2,,1,3,5,6,,,,1,,,,,3,,1,2,,,,,1,,,,,,,"A1",
429,10,9,1,"2016-07-27 14:09:16","2016-07-27 16:23:18",1,6,8,1,1,,4,8043.49,5,6593.94,1444.55,"M",44,3,2,,1,,1,,,,,,,,1,,,,,,,,,,1,,23,15,1,2,,,1,1,,,,3,3,424.98,0.6,0.00705915572497529,2,"m2a",82,5,36,54,1,5,1,1,1,7,5,1,1,13,3,2,5,4,3,2,8,0,10,4,2,1,1,8,1,4,5,158.84,1,0.0314782170737849,6,"m6a",114,4,37,53,1,1,8,0,1,5,10,2,3,6,4,6,2,0,9,3,2,3,3,4,10,0,0,6,1,6,"m2vs6","m6vs2",1.95,"A>B","m6>m2",6.33,"A<B","m6<m2",4.56,"A=B","m6=m2",5.44,"A=B","m6=m2",13,,,1,,1,,,,7,,7,,,1,1,,1,2,3,,2,,,,1,1,,,,,,,4,,"A3",
432,13,10,1,"2016-07-28 11:22:48","2016-07-28 11:59:52",1,5,8,1,1,,4,2228.25,16.79,864.59,1346.87,"F",30,3,1,,,,,,,,,1,,,1,,,,,,,,,,1,,2,2,3,2,,,,1,1,,,2,2.75,536.81,0.55,0.00512285538644958,3,"m3a",87,5,42,48,1,9,7,0,4,6,1,1,5,8,0,4,2,10,6,5,2,2,2,7,0,0,0,8,0,2,4.75,631.03,0.95,0.00752737587753356,4,"m4a",96,4,40,50,1,4,4,1,4,2,11,2,5,6,2,3,3,3,6,3,2,2,9,2,0,2,1,10,2,9,"m3vs4","m4vs3",4.14,"A>B","m4>m3",6.33,"A<B","m4<m3",5.89,"A<B","m4<m3",4.11,"A>B","m4>m3",,,,,,,,,,,,,,,,,,,,,,,,,,,,,,,,,,,,"A4",
437,18,10,2,"2016-07-29 19:10:19","2016-07-29 19:40:52",1,5,8,1,1,,6,1835.13,6.41,1040.05,788.67,"M",53,4,7,,1,1,1,1,1,1,,,1,,3,,1,,1,,1,,,,,,31,16,2,4,,1,1,,1,1,,3,4,270.03,0.8,0.0148131689071585,4,"m4a",96,4,40,50,1,4,4,1,4,2,11,2,5,6,2,3,3,3,6,3,2,2,9,2,0,2,1,10,2,4,3,178.23,0.6,0.0168321831341525,3,"m3b",87,5,42,48,1,9,7,0,4,6,1,1,5,8,0,4,2,10,6,5,2,2,2,7,0,0,0,8,0,4,"m4vs3","m4vs3",4.14,"A>B","m4>m3",6.33,"A<B","m4<m3",5.89,"A<B","m4<m3",4.11,"A>B","m4>m3",,,,,,,,,,,,,,,,,,,,,,,,,,,,,,,,,,,,"A1",
441,22,8,2,"2016-08-01 08:56:48","2016-08-01 12:48:08",1,5,8,1,1,,6,13884.3,671.61,10627.7,2584.99,"M",31,4,1,,,,,,,,,1,,,2,,,,1,,1,,,,,,9,2,,4,,1,,1,1,1,,5,3,1605.91,0.6,0.00186809970670835,5,"m5a",102,4,45,45,3,0,2,1,4,3,8,7,5,12,2,2,2,1,2,1,1,2,10,4,7,0,4,3,4,5,4,392.11,0.8,0.010201219045676,2,"m2b",82,5,36,54,1,5,1,1,1,7,5,1,1,13,3,2,5,4,3,2,8,0,10,4,2,1,1,8,1,6,"m5vs2","m5vs2",3.1,"A>B","m5>m2",6.33,"A<B","m5<m2",1,"A>B","m5>m2",9,"A<B","m5<m2",,,,,,,,,,,,,,,,,,,,,,,,,,,,,,,,,,,,"A1",
446,27,9,2,"2016-08-03 02:26:54","2016-08-03 04:12:34",1,5,8,1,1,,6,4285.56,62.31,2616.61,1606.64,"M",32,3,2,,1,,,,,1,,,,,2,,,,1,,1,,,,,,9,7,1,3,,1,,1,,1,,6,2,166.62,0.4,0.0120033609410635,6,"m6a",114,4,37,53,1,1,8,0,1,5,10,2,3,6,4,6,2,0,9,3,2,3,3,4,10,0,0,6,1,5,3,533.46,0.6,0.00562366437970982,2,"m2b",82,5,36,54,1,5,1,1,1,7,5,1,1,13,3,2,5,4,3,2,8,0,10,4,2,1,1,8,1,3,"m6vs2","m6vs2",1.95,"A>B","m6>m2",6.33,"A<B","m6<m2",4.56,"A=B","m6=m2",5.44,"A=B","m6=m2",,,,,,,,,,,,,,,,,,,,,,,,,,,,,,,,,,,,"A2",
450,1,1,1,"2016-08-08 04:32:49","2016-08-08 05:30:38",1,5,8,1,1,,4,3473.27,11.69,2321.74,1139.84,,,3,2,,,,,,1,,,,1,,1,,1,,,,,,,,,,15,10,5,2,,,,1,1,,,3,1,423.8,0.2,0.00235960358659745,1,"m1a",72,2,44,46,4,5,0,0,8,10,0,0,5,12,4,0,7,5,0,5,3,5,3,4,1,0,2,7,0,3,3,263.87,0.6,0.0113692348504946,2,"m2a",82,5,36,54,1,5,1,1,1,7,5,1,1,13,3,2,5,4,3,2,8,0,10,4,2,1,1,8,1,8,"m1vs2","m2vs1",4.05,"A>B","m2>m1",1,"A>B","m2>m1",8.56,"A<B","m2<m1",1.44,"A>B","m2>m1",,,,,,,,,,,,,,,,,,,,,,,,,,,,,,,,,,,,"A3",
453,4,4,1,"2016-08-10 01:23:08","2016-08-10 01:45:44",1,5,8,1,1,,4,1360.27,6.49,651.4,702.38,"M",55,4,1,,,,,,,,,,1,,1,,,,,,,,,,1,,22,10,10,1,,,,,1,,,4,2.75,300.87,0.55,0.00914016020208063,1,"m1a",72,2,44,46,4,5,0,0,8,10,0,0,5,12,4,0,7,5,0,5,3,5,3,4,1,0,2,7,0,4,2,162.88,0.4,0.012278978388998,5,"m5a",102,4,45,45,3,0,2,1,4,3,8,7,5,12,2,2,2,1,2,1,1,2,10,4,7,0,4,3,4,5,"m1vs5","m5vs1",2.14,"A>B","m5>m1",2.33,"A>B","m5>m1",4.56,"A=B","m5=m1",5.44,"A=B","m5=m1",,,,,,,,,,,,,,,,,,,,,,,,,,,,,,,,,,,,,
455,6,1,2,"2016-08-12 01:21:23",,1,2,4,1,1,,4,1501.2,45.18,1168.28,287.74,"M",53,4,6,,1,1,1,,1,1,,,1,,1,,,,,,,,,,1,,25,7,8,1,,1,,,,,,4,3,166.48,0.6,0.0180201826045171,2,"m2a",82,5,36,54,1,5,1,1,1,7,5,1,1,13,3,2,5,4,3,2,8,0,10,4,2,1,1,8,1,,,18.66,,,1,"m1b",72,2,44,46,4,5,0,0,8,10,0,0,5,12,4,0,7,5,0,5,3,5,3,4,1,0,2,7,0,,"m2vs1","m2vs1",4.05,"A>B","m2>m1",1,"A>B","m2>m1",8.56,"A<B","m2<m1",1.44,"A>B","m2>m1",,,,,,,,,,,,,,,,,,,,,,,,,,,,,,,,,,,,,
456,7,6,1,"2016-08-13 23:47:47","2016-08-14 00:08:38",1,6,8,1,1,,2,1255.52,24.71,265.78,965.03,"F",53,3,1,,,,,,,,,,1,,1,,1,,,,,,,,,,25,20,0,1,1,,,,,,,3,1,457.48,0.2,0.00218588790766809,2,"m2a",82,5,36,54,1,5,1,1,1,7,5,1,1,13,3,2,5,4,3,2,8,0,10,4,2,1,1,8,1,3,5,163.9,1,0.0305064063453325,3,"m3a",87,5,42,48,1,9,7,0,4,6,1,1,5,8,0,4,2,10,6,5,2,2,2,7,0,0,0,8,0,6,"m2vs3","m3vs2",4.52,"A=B","m3=m2",5,"A=B","m3=m2",2.33,"A>B","m3>m2",7.67,"A<B","m3<m2",10,,,,,1,1,1,,,7,7,,4,3,4,5,,,,,,,,,,5,,,,,,,,,,
