ID Paper,ID Search Session,Status/Selection,Status/Extraction,Reading Priority,Score,Year,Type,URL,Volume,Pages,DOI,ISSN/ISBN,Importation Date,,(I) Describe at least one complexity metric,(I) Related to workflow or BPM modeling,(I) Survey of BPM or Workflow complexity metrics,(E) Does not define any complexity metric,(E) Is not a BPM or workflow modeling paper,(E) Unable to access the article,(E) No new metrics (metrics already defined - in most cases paper includes the validation of the metrics),(E) Not in English,(E) No complexity metric at the process level,(E) Runtime or repository based metrics are not part of this review,,Paper BibTex citation key,Type of paper : Does not define or validate any metrics,Type of paper : Only validate metrics,Type of paper : Only define metrics,Type of paper : Define and validate metrics,Type of paper : Survey of BPM metrics},Number of new formally defined metrics,Number of new described (but no formally defined) metrics,Number of reused (duplicated) metrics,BPM Notation used,Primary source for the metrics : N/A,Primary source for the metrics : Yes,Primary source for the metrics : No,Primary source for the metrics : Yes for some of the metrics},Classification scheme : Yes,Classification scheme : No},Number of subjects (in experiment),Number of processes used in experiment,Findings,Validation used : None,Validation used : theoretical validation only,Validation used : theoretical and empirical validations,Validation used : empirical validation only},Type of experiment : None,Type of experiment : software Experiment,Type of experiment : human experiment,Type of experiment : Survey,Type of experiment : Case study},Static (metrics are based on model only -- no runtime) : N/A,Static (metrics are based on model only -- no runtime) : Yes,Static (metrics are based on model only -- no runtime) : No (uses runtime info)},Provide new complexity metrics for processes : Need to answer,Provide new complexity metrics for processes : Yes,Provide new complexity metrics for processes : No},
18,0,DUPLICATED,UNCLASSIFIED,LOW,9,2010,,http://0-doi.acm.org.oasis.unisa.ac.za/10.1145/1822327.1822332,,35--42,10.1145/1822327.1822332,978-1-60558-901-5,07/01/2016,,N,N,N,N,N,N,N,N,N,N,,null,N,N,N,N,N,null,null,null,null,N,N,N,N,N,N,null,null,null,N,N,N,N,N,N,N,N,N,N,N,N,N,N,N, 
19,0,REJECTED,UNCLASSIFIED,LOW,10,2008,,http://0-doi.acm.org.oasis.unisa.ac.za/10.1145/1774674.1774695,,132--134,10.1145/1774674.1774695,978-1-60558-293-1,07/01/2016,,N,N,N,N,Y,N,N,N,N,N,,null,N,N,N,N,N,null,null,null,null,N,N,N,N,N,N,null,null,null,N,N,N,N,N,N,N,N,N,N,N,N,N,N,N, 
20,0,ACCEPTED,DUPLICATED,LOW,7,2011,,http://0-doi.acm.org.oasis.unisa.ac.za/10.1145/1982185.1982496,,1445--1450,10.1145/1982185.1982496,978-1-4503-0113-8,07/01/2016,,Y,Y,N,N,N,N,N,N,N,N,,Sanchez2011towa,N,N,N,N,Y,null,null,null,null,Y,N,N,N,Y,N,71,15,null,Y,N,N,N,Y,N,N,N,N,Y,N,N,Y,N,N, 
21,0,REJECTED,UNCLASSIFIED,LOW,5,2009,,http://0-dl.acm.org.oasis.unisa.ac.za/citation.cfm?id=1862776.1862780,,31--36,,978-1-920682-75-0,07/01/2016,,N,N,N,N,Y,N,N,N,N,N,,null,N,N,N,N,N,null,null,null,null,N,N,N,N,N,N,null,null,null,N,N,N,N,N,N,N,N,N,N,N,N,N,N,N, 
22,0,REJECTED,UNCLASSIFIED,LOW,12,2001,,http://0-doi.acm.org.oasis.unisa.ac.za/10.1145/602461.602466,,27--36,10.1145/602461.602466,1-58113-508-4,07/01/2016,,N,N,N,N,Y,N,N,N,N,N,,null,N,N,N,N,N,null,null,null,null,N,N,N,N,N,N,null,null,null,N,N,N,N,N,N,N,N,N,N,N,N,N,N,N, 
23,0,REJECTED,UNCLASSIFIED,LOW,9,2007,,http://0-doi.acm.org.oasis.unisa.ac.za/10.1145/1314257.1314265,,22--27,10.1145/1314257.1314265,978-1-59593-885-5,07/01/2016,,N,Y,N,Y,N,N,N,N,N,N,,null,N,N,N,N,N,null,null,null,null,N,N,N,N,N,N,null,null,null,N,N,N,N,N,N,N,N,N,N,N,N,N,N,N, 
24,0,REJECTED,UNCLASSIFIED,LOW,16,2014,,http://0-doi.acm.org.oasis.unisa.ac.za/10.1145/2637748.2638433,,26:1--26:4,10.1145/2637748.2638433,978-1-4503-2769-5,07/01/2016,,N,N,N,Y,N,N,N,N,N,N,,null,N,N,N,N,N,null,null,null,null,N,N,N,N,N,N,null,null,null,N,N,N,N,N,N,N,N,N,N,N,N,N,N,N, 
25,0,REJECTED,UNCLASSIFIED,LOW,0,2000,,http://0-dl.acm.org.oasis.unisa.ac.za/citation.cfm?id=1621055.1621060,,28--34,,,07/01/2016,,N,N,N,N,Y,N,N,N,N,N,,null,N,N,N,N,N,null,null,null,null,N,N,N,N,N,N,null,null,null,N,N,N,N,N,N,N,N,N,N,N,N,N,N,N, 
26,0,REJECTED,UNCLASSIFIED,LOW,12,2012,,http://0-dx.doi.org.oasis.unisa.ac.za/10.1109/CCGrid.2012.30,,368--375,10.1109/CCGrid.2012.30,978-0-7695-4691-9,07/01/2016,,N,N,N,N,Y,N,N,N,N,N,,null,N,N,N,N,N,null,null,null,null,N,N,N,N,N,N,null,null,null,N,N,N,N,N,N,N,N,N,N,N,N,N,N,N, 
27,0,REJECTED,UNCLASSIFIED,LOW,7,2015,,http://0-doi.acm.org.oasis.unisa.ac.za/10.1145/2743065.2743068,,3:1--3:6,10.1145/2743065.2743068,978-1-4503-3441-9,07/01/2016,,N,N,N,N,Y,N,N,N,N,N,,null,N,N,N,N,N,null,null,null,null,N,N,N,N,N,N,null,null,null,N,N,N,N,N,N,N,N,N,N,N,N,N,N,N, 
28,0,REJECTED,UNCLASSIFIED,LOW,10,2012,,http://0-doi.acm.org.oasis.unisa.ac.za/10.1145/2207016.2207028,,20:1--20:4,10.1145/2207016.2207028,978-1-4503-1019-2,07/01/2016,,N,N,N,N,Y,N,N,N,N,N,,null,N,N,N,N,N,null,null,null,null,N,N,N,N,N,N,null,null,null,N,N,N,N,N,N,N,N,N,N,N,N,N,N,N, 
29,0,DUPLICATED,UNCLASSIFIED,LOW,0,2000,,http://0-dx.doi.org.oasis.unisa.ac.za/10.3115/1117543.1117548,,28--34,10.3115/1117543.1117548,,07/01/2016,,N,N,N,N,N,N,N,N,N,N,,null,N,N,N,N,N,null,null,null,null,N,N,N,N,N,N,null,null,null,N,N,N,N,N,N,N,N,N,N,N,N,N,N,N, 
30,0,REJECTED,UNCLASSIFIED,LOW,16,2010,,http://0-doi.acm.org.oasis.unisa.ac.za/10.1145/1852786.1852792,,4:1--4:10,10.1145/1852786.1852792,978-1-4503-0039-1,07/01/2016,,N,N,N,N,Y,N,N,N,N,N,,null,N,N,N,N,N,null,null,null,null,N,N,N,N,N,N,null,null,null,N,N,N,N,N,N,N,N,N,N,N,N,N,N,N, 
31,0,REJECTED,UNCLASSIFIED,LOW,5,,,http://0-doi.acm.org.oasis.unisa.ac.za/10.1145/1842890.1842907,44,89--89,10.1145/1842890.1842907,0163-5840,07/01/2016,,N,N,N,N,Y,N,N,N,N,N,,null,N,N,N,N,N,null,null,null,null,N,N,N,N,N,N,null,null,null,N,N,N,N,N,N,N,N,N,N,N,N,N,N,N, 
32,0,REJECTED,UNCLASSIFIED,LOW,5,2005,,http://0-dl.acm.org.oasis.unisa.ac.za/citation.cfm?id=1149293.1149326,,252--261,,0-8058-5782-6,07/01/2016,,N,N,N,N,Y,N,N,N,N,N,,null,N,N,N,N,N,null,null,null,null,N,N,N,N,N,N,null,null,null,N,N,N,N,N,N,N,N,N,N,N,N,N,N,N, 
33,0,REJECTED,UNCLASSIFIED,LOW,0,2010,,http://0-dl.acm.org.oasis.unisa.ac.za/citation.cfm?id=1870490.1870503,,83--87,,978-1-932432-77-0,07/01/2016,,N,N,N,N,Y,N,N,N,N,N,,null,N,N,N,N,N,null,null,null,null,N,N,N,N,N,N,null,null,null,N,N,N,N,N,N,N,N,N,N,N,N,N,N,N, 
34,0,REJECTED,UNCLASSIFIED,LOW,7,2014,,http://0-doi.acm.org.oasis.unisa.ac.za/10.1145/2611286.2611297,,59--70,10.1145/2611286.2611297,978-1-4503-2737-4,07/01/2016,,N,N,N,N,Y,N,N,N,N,N,,null,N,N,N,N,N,null,null,null,null,N,N,N,N,N,N,null,null,null,N,N,N,N,N,N,N,N,N,N,N,N,N,N,N, 
35,0,REJECTED,UNCLASSIFIED,LOW,7,2008,,http://0-doi.acm.org.oasis.unisa.ac.za/10.1145/1385989.1386030,,313--316,10.1145/1385989.1386030,978-1-60558-090-6,07/01/2016,,N,N,N,N,Y,N,N,N,N,N,,null,N,N,N,N,N,null,null,null,null,N,N,N,N,N,N,null,null,null,N,N,N,N,N,N,N,N,N,N,N,N,N,N,N, 
90,1,REJECTED,UNCLASSIFIED,LOW,14,2016,Article,,17,283-295,10.1631/FITEE.1500306,2095-9184,07/02/2016,,N,N,N,N,Y,N,N,N,N,N,,null,N,N,N,N,N,null,null,null,null,N,N,N,N,N,N,null,null,null,N,N,N,N,N,N,N,N,N,N,N,N,N,N,N, 
91,1,REJECTED,UNCLASSIFIED,LOW,25,2016,Article,,25,751-770,10.1111/poms.12495,1059-1478,07/02/2016,,N,N,N,N,Y,N,N,N,N,N,,null,N,N,N,N,N,null,null,null,null,N,N,N,N,N,N,null,null,null,N,N,N,N,N,N,N,N,N,N,N,N,N,N,N, 
92,1,REJECTED,UNCLASSIFIED,LOW,19,2015,Article,,5,,10.1038/srep10489,2045-2322,07/02/2016,,N,N,N,N,Y,N,N,N,N,N,,null,N,N,N,N,N,null,null,null,null,N,N,N,N,N,N,null,null,null,N,N,N,N,N,N,N,N,N,N,N,N,N,N,N, 
93,1,REJECTED,UNCLASSIFIED,LOW,14,2015,Article,,25,753-775,10.1615/AtomizSpr.2015011054,1044-5110,07/02/2016,,N,N,N,N,Y,N,N,N,N,N,,null,N,N,N,N,N,null,null,null,null,N,N,N,N,N,N,null,null,null,N,N,N,N,N,N,N,N,N,N,N,N,N,N,N, 
94,1,REJECTED,UNCLASSIFIED,LOW,14,2014,Article,,65,30-43,10.1016/j.chaos.2014.04.008,0960-0779,07/02/2016,,N,N,N,N,Y,N,N,N,N,N,,null,N,N,N,N,N,null,null,null,null,N,N,N,N,N,N,null,null,null,N,N,N,N,N,N,N,N,N,N,N,N,N,N,N, 
95,1,ACCEPTED,REJECTED,LOW,93,2013,Article,,5,433-448,10.1007/s12599-013-0297-x,1867-0202,07/02/2016,,N,Y,N,Y,N,N,N,N,N,N,,Glowalla2013proc,Y,N,N,N,N,null,null,null,null,Y,N,N,N,Y,N,null,null,null,Y,N,N,N,Y,N,N,N,N,Y,N,N,Y,N,N, 
96,1,REJECTED,UNCLASSIFIED,LOW,47,2013,Article,,25,935-955,10.1002/smr.1572,2047-7473,07/02/2016,,N,N,N,N,Y,N,N,N,N,N,,null,N,N,N,N,N,null,null,null,null,N,N,N,N,N,N,null,null,null,N,N,N,N,N,N,N,N,N,N,N,N,N,N,N, 
97,1,REJECTED,UNCLASSIFIED,LOW,19,2013,Article,,24,55-69,10.1007/s10845-011-0538-0,0956-5515,07/02/2016,,N,N,N,N,Y,N,N,N,N,N,,null,N,N,N,N,N,null,null,null,null,N,N,N,N,N,N,null,null,null,N,N,N,N,N,N,N,N,N,N,N,N,N,N,N, 
98,1,REJECTED,UNCLASSIFIED,LOW,44,2012,Article,,54,30-37,10.1016/j.advengsoft.2012.08.004,0965-9978,07/02/2016,,N,N,N,N,Y,N,N,N,N,N,,null,N,N,N,N,N,null,null,null,null,N,N,N,N,N,N,null,null,null,N,N,N,N,N,N,N,N,N,N,N,N,N,N,N, 
99,1,ACCEPTED,DUPLICATED,LOW,22,2012,Article,,54,1159-1174,10.1016/j.infsof.2012.05.001,0950-5849,07/02/2016,,Y,N,N,N,N,N,N,N,N,N,,Sanchez2012qual,N,N,N,N,Y,null,null,null,null,Y,N,N,N,Y,N,null,null,null,Y,N,N,N,Y,N,N,N,N,Y,N,N,Y,N,N, 
100,1,REJECTED,UNCLASSIFIED,LOW,68,2012,Article,,54,15-27,10.1016/j.artmed.2011.10.001,0933-3657,07/02/2016,,N,N,N,Y,N,N,N,N,N,N,,null,N,N,N,N,N,null,null,null,null,N,N,N,N,N,N,null,null,null,N,N,N,N,N,N,N,N,N,N,N,N,N,N,N, 
101,1,ACCEPTED,ACCEPTED,LOW,41,2011,Article,,7,614-629,10.1109/TII.2011.2166795,1551-3203,07/02/2016,,N,Y,N,N,N,N,N,N,N,N,,LaRosa2011mana,N,N,Y,N,N,9,3,6,"UML AD, EPC, BPMN, YAWL, Protos (abstract)",N,Y,N,Y,N,Y,null,null,null,Y,N,N,N,Y,N,N,N,N,N,Y,N,N,Y,N, 
102,1,REJECTED,UNCLASSIFIED,LOW,26,2011,Article,,38,5388-5405,10.1016/j.eswa.2010.10.016,0957-4174,07/02/2016,,N,N,N,N,Y,N,N,N,N,N,,null,N,N,N,N,N,null,null,null,null,N,N,N,N,N,N,null,null,null,N,N,N,N,N,N,N,N,N,N,N,N,N,N,N, 
103,1,REJECTED,UNCLASSIFIED,LOW,35,2010,Article,,12,636-649,10.1109/TMM.2010.2060475,1520-9210,07/02/2016,,N,N,N,N,Y,N,N,N,N,N,,null,N,N,N,N,N,null,null,null,null,N,N,N,N,N,N,null,null,null,N,N,N,N,N,N,N,N,N,N,N,N,N,N,N, 
104,1,REJECTED,UNCLASSIFIED,LOW,13,2010,Article,,54,291-303,10.1016/j.jmp.2010.02.001,0022-2496,07/02/2016,,N,N,N,N,Y,N,N,N,N,N,,null,N,N,N,N,N,null,null,null,null,N,N,N,N,N,N,null,null,null,N,N,N,N,N,N,N,N,N,N,N,N,N,N,N, 
105,1,REJECTED,UNCLASSIFIED,LOW,43,2009,Article,,9,,10.1115/1.3130791,1530-9827,07/02/2016,,N,N,N,N,Y,N,N,N,N,N,,null,N,N,N,N,N,null,null,null,null,N,N,N,N,N,N,null,null,null,N,N,N,N,N,N,N,N,N,N,N,N,N,N,N, 
106,1,REJECTED,UNCLASSIFIED,LOW,11,2009,Article,,109,586-593,10.1002/qua.21832,0020-7608,07/02/2016,,N,N,N,N,Y,N,N,N,N,N,,null,N,N,N,N,N,null,null,null,null,N,N,N,N,N,N,null,null,null,N,N,N,N,N,N,N,N,N,N,N,N,N,N,N, 
107,1,ACCEPTED,ACCEPTED,LOW,68,2009,Article,,51,610-626,10.1016/j.infsof.2008.08.005,0950-5849,07/02/2016,,Y,Y,N,N,N,N,N,N,N,N,,Lassen2009,N,N,N,Y,N,3,null,null,Workflow-Nets,N,Y,N,N,N,Y,null,262,Found Structuredness metric to betther describe net complexity (how hard to understand a net is).,N,N,N,Y,N,Y,N,N,N,N,Y,N,Y,N,N, 
108,1,REJECTED,UNCLASSIFIED,LOW,18,2008,Review,,18,,10.1063/1.2991106,1054-1500,07/02/2016,,N,N,N,N,Y,N,N,N,N,N,,null,N,N,N,N,N,null,null,null,null,N,N,N,N,N,N,null,null,null,N,N,N,N,N,N,N,N,N,N,N,N,N,N,N, 
109,1,ACCEPTED,ACCEPTED,LOW,62,2008,Article,,5,49-76,10.4018/jwsr.2008040103,1545-7362,07/02/2016,,Y,Y,N,N,N,N,N,N,N,N,,Cardoso2008,N,N,N,Y,N,null,null,1,null,N,N,Y,N,N,Y,19,22,null,N,N,Y,N,N,N,Y,N,N,N,Y,N,Y,N,N, 
110,1,REJECTED,UNCLASSIFIED,LOW,23,2006,Article; Proceedings Paper,,10,211-227,10.1007/s10115-006-0018-6,0219-1377,07/02/2016,,N,N,N,N,Y,N,N,N,N,N,,null,N,N,N,N,N,null,null,null,null,N,N,N,N,N,N,null,null,null,N,N,N,N,N,N,N,N,N,N,N,N,N,N,N, 
111,1,ACCEPTED,ACCEPTED,LOW,20,2006,Article; Proceedings Paper,,4103,117-128,,3-540-38444-8,07/02/2016,,Y,Y,N,N,N,N,N,N,N,N,,Cardoso2006b,N,N,Y,N,N,9,null,2 IC & CFC,BPEL,N,Y,N,N,N,Y,null,null,null,Y,N,N,N,Y,N,N,N,N,N,Y,N,Y,N,N, 
112,1,REJECTED,UNCLASSIFIED,LOW,29,2006,Article; Proceedings Paper,,4269,61-73,10.1007/11907466\_6,3-540-47659-8,07/02/2016,,N,N,N,N,Y,N,N,N,N,N,,null,N,N,N,N,N,null,null,null,null,N,N,N,N,N,N,null,null,null,N,N,N,N,N,N,N,N,N,N,N,N,N,N,N, 
113,1,REJECTED,UNCLASSIFIED,LOW,19,2005,Article,,12,829-848,,1492-8760,07/02/2016,,N,N,N,N,Y,N,N,N,N,N,,null,N,N,N,N,N,null,null,null,null,N,N,N,N,N,N,null,null,null,N,N,N,N,N,N,N,N,N,N,N,N,N,N,N, 
114,1,DUPLICATED,UNCLASSIFIED,LOW,7,2005,Article,,77,81-90,10.1016/j.jss.2004.12.012,0164-1212,07/02/2016,,N,N,N,N,N,N,N,N,N,N,,null,N,N,N,N,N,null,null,null,null,N,N,N,N,N,N,null,null,null,N,N,N,N,N,N,N,N,N,N,N,N,N,N,N, 
115,1,REJECTED,UNCLASSIFIED,LOW,18,2005,Article; Proceedings Paper,,330,205-220,10.1016/j.tcs.2004.07.035,0304-3975,07/02/2016,,N,N,N,N,Y,N,N,N,N,N,,null,N,N,N,N,N,null,null,null,null,N,N,N,N,N,N,null,null,null,N,N,N,N,N,N,N,N,N,N,N,N,N,N,N, 
116,1,ACCEPTED,DUPLICATED,LOW,49,2004,Article; Proceedings Paper,,3009,146-158,,3-540-21421-6,07/02/2016,,Y,Y,N,N,N,N,N,N,N,N,,Garcia2004defi,N,N,N,Y,N,null,null,12 (from \cite{Garcia2004}),SPEM,N,N,Y,N,N,Y,29,18,"the metrics NA, NWP, NDWPIn, NDWPOut, NDWP and NDA are good understandability indicators, however they cannot say the same about the metrics NPR, NCA, RDWPIn, RDWPOut and RWPA.",N,N,N,Y,N,N,Y,N,N,N,Y,N,Y,N,N, 
117,1,ACCEPTED,ACCEPTED,LOW,46,2004,Article; Proceedings Paper,,3281,79-90,,3-540-23725-9,07/02/2016,,Y,Y,N,N,N,N,N,N,N,N,,Garcia2004,N,N,N,Y,N,12,null,null,SPM,N,Y,N,N,N,Y,"161 (four experiments using 18, 20, 25, 29, and 87 subjects)",18,"Some metrics (NA, NWP, NDWPIn, NDWPOut, NDWP, and NDA) were correlated to maintenability (understandability and modifiability)",N,N,N,Y,N,N,Y,N,N,N,Y,N,Y,N,N, 
118,1,DUPLICATED,UNCLASSIFIED,LOW,13,2003,Article,,15,283-307,10.1023/B:FLEX.0000036031.33790.30,0920-6299,07/02/2016,,N,N,N,N,N,N,N,N,N,N,,null,N,N,N,N,N,null,null,null,null,N,N,N,N,N,N,null,null,null,N,N,N,N,N,N,N,N,N,N,N,N,N,N,N, 
119,1,REJECTED,UNCLASSIFIED,LOW,83,2003,Article,,11,243-258,10.1023/A:1025118811896,0963-9314,07/02/2016,,N,N,N,N,Y,N,N,N,N,N,,null,N,N,N,N,N,null,null,null,null,N,N,N,N,N,N,null,null,null,N,N,N,N,N,N,N,N,N,N,N,N,N,N,N, 
120,1,DUPLICATED,UNCLASSIFIED,LOW,19,2003,Article; Proceedings Paper,,32,829-836,10.1108/03684920210443897,0368-492X,07/02/2016,,N,N,N,N,N,N,N,N,N,N,,null,N,N,N,N,N,null,null,null,null,N,N,N,N,N,N,null,null,null,N,N,N,N,N,N,N,N,N,N,N,N,N,N,N, 
121,1,REJECTED,UNCLASSIFIED,LOW,14,2001,Article,,14,1005-1022,10.1016/S0893-6080(01)00085-5,0893-6080,07/02/2016,,N,N,N,N,Y,N,N,N,N,N,,null,N,N,N,N,N,null,null,null,null,N,N,N,N,N,N,null,null,null,N,N,N,N,N,N,N,N,N,N,N,N,N,N,N, 
122,1,DUPLICATED,UNCLASSIFIED,LOW,17,2001,Article; Proceedings Paper,,2178,242-256,,3-540-42959-X,07/02/2016,,N,N,N,N,N,N,N,N,N,N,,null,N,N,N,N,N,null,null,null,null,N,N,N,N,N,N,null,null,null,N,N,N,N,N,N,N,N,N,N,N,N,N,N,N, 
123,1,REJECTED,UNCLASSIFIED,LOW,14,2000,Article,,83,355-366,10.1007/s004220000158,0340-1200,07/02/2016,,N,N,N,N,Y,N,N,N,N,N,,null,N,N,N,N,N,null,null,null,null,N,N,N,N,N,N,null,null,null,N,N,N,N,N,N,N,N,N,N,N,N,N,N,N, 
124,1,REJECTED,UNCLASSIFIED,LOW,25,2000,Article,,42,357-365,,0950-5849,07/02/2016,,N,N,N,Y,Y,N,N,N,N,N,,null,N,N,N,N,N,null,null,null,null,N,N,N,N,N,N,null,null,null,N,N,N,N,N,N,N,N,N,N,N,N,N,N,N, 
125,1,REJECTED,UNCLASSIFIED,LOW,8,1999,Article; Proceedings Paper,,1563,78-89,,3-540-65691-X,07/02/2016,,N,N,N,N,Y,N,N,N,N,N,,null,N,N,N,N,N,null,null,null,null,N,N,N,N,N,N,null,null,null,N,N,N,N,N,N,N,N,N,N,N,N,N,N,N, 
126,2,REJECTED,UNCLASSIFIED,LOW,11,2005,Conference Paper,https://www.scopus.com/inward/record.uri?eid=2-s2.0-84971280935&partnerID=40&md5=22724389f3bd97ca5eb64b431b96fd08,,,10.1109/ITMC.2005.7461295,,07/02/2016,,N,N,N,Y,Y,N,N,N,N,N,,null,N,N,N,N,N,null,null,null,null,N,N,N,N,N,N,null,null,null,N,N,N,N,N,N,N,N,N,N,N,N,N,N,N, 
127,2,DUPLICATED,UNCLASSIFIED,LOW,23,2016,Article,https://www.scopus.com/inward/record.uri?eid=2-s2.0-84963596221&partnerID=40&md5=819a6d4074dccf485e90be49a05bba31,25,751-770,10.1111/poms.12495,,07/02/2016,,N,N,N,N,N,N,N,N,N,N,,null,N,N,N,N,N,null,null,null,null,N,N,N,N,N,N,null,null,null,N,N,N,N,N,N,N,N,N,N,N,N,N,N,N, 
128,2,DUPLICATED,UNCLASSIFIED,LOW,14,2016,Article,https://www.scopus.com/inward/record.uri?eid=2-s2.0-84962852763&partnerID=40&md5=ebd8571c7c72d07896e7c509e9425759,17,283-295,10.1631/FITEE.1500306,,07/02/2016,,N,N,N,N,N,N,N,N,N,N,,null,N,N,N,N,N,null,null,null,null,N,N,N,N,N,N,null,null,null,N,N,N,N,N,N,N,N,N,N,N,N,N,N,N, 
129,2,REJECTED,UNCLASSIFIED,LOW,30,2016,Conference Paper,https://www.scopus.com/inward/record.uri?eid=2-s2.0-84975475566&partnerID=40&md5=0ae10d6c7e586fc3451b4d27e9cd8c9d,2016-March,4424-4433,10.1109/HICSS.2016.551,,07/02/2016,,N,N,N,N,Y,N,N,N,N,N,,null,N,N,N,N,N,null,null,null,null,N,N,N,N,N,N,null,null,null,N,N,N,N,N,N,N,N,N,N,N,N,N,N,N, 
130,2,REJECTED,UNCLASSIFIED,LOW,14,2015,Conference Paper,https://www.scopus.com/inward/record.uri?eid=2-s2.0-84969668013&partnerID=40&md5=935ec4b3f218a99277104d18730ecbf8,,45-51,10.1109/ICMLA.2015.217,,07/02/2016,,N,N,N,N,Y,N,N,N,N,N,,null,N,N,N,N,N,null,null,null,null,N,N,N,N,N,N,null,null,null,N,N,N,N,N,N,N,N,N,N,N,N,N,N,N, 
131,2,ACCEPTED,DUPLICATED,LOW,45,2015,Conference Paper,https://www.scopus.com/inward/record.uri?eid=2-s2.0-84964949966&partnerID=40&md5=28654a3d9a46d11aef7f7db74fdd0a63,,203-208,10.1109/ICTS.2015.7379899,,07/02/2016,,Y,Y,N,N,N,N,N,N,N,N,,Anugrah2015deco,N,N,Y,N,N,null,null,null,null,Y,N,N,N,Y,N,null,null,null,Y,N,N,N,Y,N,N,N,N,Y,N,N,Y,N,N, 
132,2,REJECTED,UNCLASSIFIED,LOW,31,2016,Article,https://www.scopus.com/inward/record.uri?eid=2-s2.0-84973547641&partnerID=40&md5=54231859c0b4fc069961b8a5eb018fb1,28,50-60,10.20965/jrm.2016.p0050,,07/02/2016,,N,N,N,N,Y,N,N,N,N,N,,null,N,N,N,N,N,null,null,null,null,N,N,N,N,N,N,null,null,null,N,N,N,N,N,N,N,N,N,N,N,N,N,N,N, 
133,2,REJECTED,UNCLASSIFIED,LOW,47,2015,Conference Paper,https://www.scopus.com/inward/record.uri?eid=2-s2.0-84970966351&partnerID=40&md5=da9a8255f3f67fed1dc5709942c647e6,,2902-2912,,,07/02/2016,,N,N,N,N,Y,N,N,N,N,N,,null,N,N,N,N,N,null,null,null,null,N,N,N,N,N,N,null,null,null,N,N,N,N,N,N,N,N,N,N,N,N,N,N,N, 
134,2,ACCEPTED,DUPLICATED,LOW,35,2015,Conference Paper,https://www.scopus.com/inward/record.uri?eid=2-s2.0-84962905976&partnerID=40&md5=76055f240b26190e2ba95aa1abad37a3,64,1226-1231,10.1016/j.procs.2015.08.510,,07/02/2016,,Y,Y,N,N,N,N,N,N,N,N,,Martinho2015comp,N,N,N,Y,N,null,null,4,BPMN,N,Y,N,Y,N,Y,null,null,null,N,N,N,Y,N,Y,N,N,N,N,Y,N,N,Y,N, 
135,2,ACCEPTED,DUPLICATED,LOW,60,2014,Article,https://www.scopus.com/inward/record.uri?eid=2-s2.0-84927546621&partnerID=40&md5=0d8bb0cc91310fd38400978beefec819,257,89-107,10.1007/978-3-319-03677-9_6,,07/02/2016,,Y,Y,N,N,N,N,N,N,N,N,,Kluza2014squa,N,N,N,Y,N,null,null,2,BPMN,N,N,Y,N,N,Y,null,null,null,Y,N,N,N,Y,N,N,N,N,Y,N,N,Y,N,N, 
136,2,REJECTED,UNCLASSIFIED,LOW,25,2014,Conference Paper,https://www.scopus.com/inward/record.uri?eid=2-s2.0-84908592890&partnerID=40&md5=b33d6e9f79d964063d359b17bf753bf4,,2214-2221,10.1109/CEC.2014.6900651,,07/02/2016,,N,N,N,N,Y,N,N,N,N,N,,null,N,N,N,N,N,null,null,null,null,N,N,N,N,N,N,null,null,null,N,N,N,N,N,N,N,N,N,N,N,N,N,N,N, 
137,2,REJECTED,UNCLASSIFIED,LOW,31,2014,Conference Paper,https://www.scopus.com/inward/record.uri?eid=2-s2.0-84905227479&partnerID=40&md5=ec5bc951a928f1a7768baf8a1ff1bf65,,8365-8369,10.1109/ICASSP.2014.6855233,,07/02/2016,,N,N,N,N,Y,N,N,N,N,N,,null,N,N,N,N,N,null,null,null,null,N,N,N,N,N,N,null,null,null,N,N,N,N,N,N,N,N,N,N,N,N,N,N,N, 
138,2,REJECTED,UNCLASSIFIED,LOW,8,2014,Article,https://www.scopus.com/inward/record.uri?eid=2-s2.0-84907605878&partnerID=40&md5=438444613a9288fc2636a12e56a83ef6,8,417-430,,,07/02/2016,,N,N,N,N,Y,N,N,N,N,N,,null,N,N,N,N,N,null,null,null,null,N,N,N,N,N,N,null,null,null,N,N,N,N,N,N,N,N,N,N,N,N,N,N,N, 
139,2,REJECTED,UNCLASSIFIED,LOW,14,2014,Article,https://www.scopus.com/inward/record.uri?eid=2-s2.0-84892707444&partnerID=40&md5=2794df8983d2e35110227d8870c3fb53,474,135-140,10.4028/www.scientific.net/AMM.474.135,,07/02/2016,,N,N,N,N,Y,N,N,N,N,N,,null,N,N,N,N,N,null,null,null,null,N,N,N,N,N,N,null,null,null,N,N,N,N,N,N,N,N,N,N,N,N,N,N,N, 
140,2,REJECTED,UNCLASSIFIED,LOW,11,2014,Conference Paper,https://www.scopus.com/inward/record.uri?eid=2-s2.0-84904462588&partnerID=40&md5=3e6e28d64ece420a9220eb02be7abc29,,25-26,10.1109/ESGCO.2014.6847521,,07/02/2016,,N,N,N,N,Y,N,N,N,N,N,,null,N,N,N,N,N,null,null,null,null,N,N,N,N,N,N,null,null,null,N,N,N,N,N,N,N,N,N,N,N,N,N,N,N, 
141,2,DUPLICATED,UNCLASSIFIED,LOW,14,2014,Article,https://www.scopus.com/inward/record.uri?eid=2-s2.0-84900389090&partnerID=40&md5=b1101ce8c0ca12c2e2164932d8fff095,65,30-43,10.1016/j.chaos.2014.04.008,,07/02/2016,,N,N,N,N,N,N,N,N,N,N,,null,N,N,N,N,N,null,null,null,null,N,N,N,N,N,N,null,null,null,N,N,N,N,N,N,N,N,N,N,N,N,N,N,N, 
142,2,REJECTED,UNCLASSIFIED,LOW,17,2014,Conference Paper,https://www.scopus.com/inward/record.uri?eid=2-s2.0-84906545061&partnerID=40&md5=9885ea82f88baf3aa90d36dd6dd5a4df,,1484-1488,10.1109/ISIT.2014.6875080,,07/02/2016,,N,N,N,N,Y,N,N,N,N,N,,null,N,N,N,N,N,null,null,null,null,N,N,N,N,N,N,null,null,null,N,N,N,N,N,N,N,N,N,N,N,N,N,N,N, 
143,2,DUPLICATED,UNCLASSIFIED,LOW,86,2013,Article,https://www.scopus.com/inward/record.uri?eid=2-s2.0-84892979551&partnerID=40&md5=33244252f9763e34a92b7a3729aff4d7,5,433-448,10.1007/s12599-013-0297-x,,07/02/2016,,N,N,N,N,N,N,N,N,N,N,,null,N,N,N,N,N,null,null,null,null,N,N,N,N,N,N,null,null,null,N,N,N,N,N,N,N,N,N,N,N,N,N,N,N, 
144,2,DUPLICATED,UNCLASSIFIED,LOW,43,2013,Article,https://www.scopus.com/inward/record.uri?eid=2-s2.0-84884890027&partnerID=40&md5=6dfb4c8c241c1284d39ae19329e1998b,25,935-955,10.1002/smr.1572,,07/02/2016,,N,N,N,N,N,N,N,N,N,N,,null,N,N,N,N,N,null,null,null,null,N,N,N,N,N,N,null,null,null,N,N,N,N,N,N,N,N,N,N,N,N,N,N,N, 
145,2,REJECTED,UNCLASSIFIED,LOW,17,2013,Conference Paper,https://www.scopus.com/inward/record.uri?eid=2-s2.0-84880738365&partnerID=40&md5=6c398f96e8cbba859cdd5d4556811b42,240 LNEE,747-753,10.1007/978-94-007-6738-6_92,,07/02/2016,,N,N,N,N,Y,N,N,N,N,N,,null,N,N,N,N,N,null,null,null,null,N,N,N,N,N,N,null,null,null,N,N,N,N,N,N,N,N,N,N,N,N,N,N,N, 
146,2,REJECTED,UNCLASSIFIED,LOW,14,2013,Article,https://www.scopus.com/inward/record.uri?eid=2-s2.0-84874749532&partnerID=40&md5=f758ee9fd80474bd3187e24728dff66a,,93-109,10.1007/978-3-642-31436-0-6,,07/02/2016,,N,N,N,N,Y,N,N,N,N,N,,null,N,N,N,N,N,null,null,null,null,N,N,N,N,N,N,null,null,null,N,N,N,N,N,N,N,N,N,N,N,N,N,N,N, 
147,2,DUPLICATED,UNCLASSIFIED,LOW,17,2013,Article,https://www.scopus.com/inward/record.uri?eid=2-s2.0-84872406206&partnerID=40&md5=880a7dd6a5552243220629ef386c090f,24,55-69,10.1007/s10845-011-0538-0,,07/02/2016,,N,N,N,N,N,N,N,N,N,N,,null,N,N,N,N,N,null,null,null,null,N,N,N,N,N,N,null,null,null,N,N,N,N,N,N,N,N,N,N,N,N,N,N,N, 
148,2,ACCEPTED,DUPLICATED,LOW,117,2013,Conference Paper,https://www.scopus.com/inward/record.uri?eid=2-s2.0-84898821095&partnerID=40&md5=59af50ff8e2bc4210be2fe3bf2c04b0e,,31-37,10.1109/ICACSIS.2013.6761549,,07/02/2016,,Y,Y,N,N,N,N,N,N,N,N,,Solichah2013expl,N,N,N,N,Y,null,null,null,BPMN,Y,N,N,N,Y,N,null,null,null,N,N,N,Y,N,Y,N,N,N,N,Y,N,N,N,Y, 
149,2,REJECTED,UNCLASSIFIED,LOW,28,2013,Conference Paper,https://www.scopus.com/inward/record.uri?eid=2-s2.0-84866530950&partnerID=40&md5=7dd6740ce556b01489d8a34c3064e0ad,172 AISC,197-208,10.1007/978-3-642-30867-3_18,,07/02/2016,,N,N,N,N,Y,N,N,N,N,N,,null,N,N,N,N,N,null,null,null,null,N,N,N,N,N,N,null,null,null,N,N,N,N,N,N,N,N,N,N,N,N,N,N,N, 
150,2,ACCEPTED,DUPLICATED,LOW,26,2013,Conference Paper,https://www.scopus.com/inward/record.uri?eid=2-s2.0-84905836949&partnerID=40&md5=667b54b8137ff5d4da3b19e2eac06cef,,,,,07/02/2016,,Y,Y,N,N,N,N,Y,N,N,N,,Setiawan2013inte,N,Y,N,N,N,null,null,null,null,Y,N,N,N,Y,N,null,null,null,Y,N,N,N,Y,N,N,N,N,Y,N,N,Y,N,N, 
151,2,ACCEPTED,ACCEPTED,LOW,37,2012,Conference Paper,https://www.scopus.com/inward/record.uri?eid=2-s2.0-84872587439&partnerID=40&md5=2a626cbfb123679840d0a466f1e56864,,919-922,,,07/02/2016,,Y,Y,N,N,N,N,N,N,N,N,,Kluza2012,N,N,Y,N,N,2,null,null,BPMN,N,Y,N,N,N,Y,null,null,null,Y,N,N,N,Y,N,N,N,N,N,Y,N,N,Y,N, 
152,2,REJECTED,UNCLASSIFIED,LOW,34,2012,Conference Paper,https://www.scopus.com/inward/record.uri?eid=2-s2.0-84873395175&partnerID=40&md5=43949bdabc159480db021b983fcd3c0b,,7-8,10.1109/ISSREW.2012.36,,07/02/2016,,N,N,N,N,Y,N,N,N,N,N,,null,N,N,N,N,N,null,null,null,null,N,N,N,N,N,N,null,null,null,N,N,N,N,N,N,N,N,N,N,N,N,N,N,N, 
153,2,REJECTED,UNCLASSIFIED,LOW,34,2012,Conference Paper,https://www.scopus.com/inward/record.uri?eid=2-s2.0-84884175304&partnerID=40&md5=26eb731c202bdad0c1bb18ff22ed17b1,7392 LNCS,227-238,10.1007/978-3-642-31585-5-23,,07/02/2016,,N,N,N,N,Y,N,N,N,N,N,,null,N,N,N,N,N,null,null,null,null,N,N,N,N,N,N,null,null,null,N,N,N,N,N,N,N,N,N,N,N,N,N,N,N, 
154,2,REJECTED,UNCLASSIFIED,LOW,11,2012,Conference Paper,https://www.scopus.com/inward/record.uri?eid=2-s2.0-84874396308&partnerID=40&md5=73412e6ae17c549f40926580e599000b,,1781-1786,10.1109/ICMSE.2012.6414413,,07/02/2016,,N,N,N,N,Y,N,N,N,N,N,,null,N,N,N,N,N,null,null,null,null,N,N,N,N,N,N,null,null,null,N,N,N,N,N,N,N,N,N,N,N,N,N,N,N, 
155,2,DUPLICATED,UNCLASSIFIED,LOW,20,2012,Article,https://www.scopus.com/inward/record.uri?eid=2-s2.0-84864746930&partnerID=40&md5=a23de039e54c262bd874fca493e69478,54,1159-1174,10.1016/j.infsof.2012.05.001,,07/02/2016,,N,N,N,N,N,N,N,N,N,N,,null,N,N,N,N,N,null,null,null,null,N,N,N,N,N,N,null,null,null,N,N,N,N,N,N,N,N,N,N,N,N,N,N,N, 
156,2,REJECTED,UNCLASSIFIED,LOW,37,2011,Conference Paper,https://www.scopus.com/inward/record.uri?eid=2-s2.0-84863046219&partnerID=40&md5=fc32ada2a5b348cf63924fb8f0fe9e9a,,1362-1366,10.1109/CIS.2011.303,,07/02/2016,,Y,N,N,N,Y,N,N,N,N,N,,null,N,N,N,N,N,null,null,null,null,N,N,N,N,N,N,null,null,null,N,N,N,N,N,N,N,N,N,N,N,N,N,N,N, 
157,2,REJECTED,UNCLASSIFIED,LOW,37,2011,Conference Paper,https://www.scopus.com/inward/record.uri?eid=2-s2.0-84870637507&partnerID=40&md5=56ac6a05df9f8e9c438df9ee00211ea1,,,,,07/02/2016,,N,N,N,Y,Y,N,N,N,N,N,,null,N,N,N,N,N,null,null,null,null,N,N,N,N,N,N,null,null,null,N,N,N,N,N,N,N,N,N,N,N,N,N,N,N, 
158,2,REJECTED,UNCLASSIFIED,LOW,17,2011,Article,https://www.scopus.com/inward/record.uri?eid=2-s2.0-84859456954&partnerID=40&md5=436667b54bdc44097b473669ab4bbcf9,15,95-115,,,07/02/2016,,N,N,N,N,Y,N,N,N,N,N,,null,N,N,N,N,N,null,null,null,null,N,N,N,N,N,N,null,null,null,N,N,N,N,N,N,N,N,N,N,N,N,N,N,N, 
159,2,REJECTED,UNCLASSIFIED,LOW,11,2011,Conference Paper,https://www.scopus.com/inward/record.uri?eid=2-s2.0-81855226075&partnerID=40&md5=e7b84aafe4e45d629d32889010de894b,,1346-1350,10.1177/1071181311551280,,07/02/2016,,N,N,N,N,Y,N,N,N,N,N,,null,N,N,N,N,N,null,null,null,null,N,N,N,N,N,N,null,null,null,N,N,N,N,N,N,N,N,N,N,N,N,N,N,N, 
160,2,REJECTED,UNCLASSIFIED,LOW,37,2011,Conference Paper,https://www.scopus.com/inward/record.uri?eid=2-s2.0-80054793493&partnerID=40&md5=545b4cc657eb76fbd65554a9f261961e,203 CCIS,561-569,10.1007/978-3-642-24037-9_56,,07/02/2016,,N,N,N,N,Y,N,N,N,N,N,,null,N,N,N,N,N,null,null,null,null,N,N,N,N,N,N,null,null,null,N,N,N,N,N,N,N,N,N,N,N,N,N,N,N, 
161,2,DUPLICATED,UNCLASSIFIED,LOW,25,2011,Conference Paper,https://www.scopus.com/inward/record.uri?eid=2-s2.0-80052424285&partnerID=40&md5=64a85a67be66bce0b29a4313a63adde4,,201-204,10.1109/ICPC.2011.41,,07/02/2016,,N,N,N,N,N,N,N,N,N,N,,null,N,N,N,N,N,null,null,null,null,N,N,N,N,N,N,null,null,null,N,N,N,N,N,N,N,N,N,N,N,N,N,N,N, 
162,2,REJECTED,UNCLASSIFIED,LOW,60,2011,Conference Paper,https://www.scopus.com/inward/record.uri?eid=2-s2.0-79960281088&partnerID=40&md5=0354de39a00f6af6983ce6f56b2c6d35,6759 LNCS,171-185,10.1007/978-3-642-21843-9_15,,07/02/2016,,N,N,N,N,Y,N,N,N,N,N,,null,N,N,N,N,N,null,null,null,null,N,N,N,N,N,N,null,null,null,N,N,N,N,N,N,N,N,N,N,N,N,N,N,N, 
163,2,DUPLICATED,UNCLASSIFIED,LOW,14,2011,Conference Paper,https://www.scopus.com/inward/record.uri?eid=2-s2.0-79959313247&partnerID=40&md5=4a55d0d4a041b03eb38ee36868f674a8,,1445-1450,10.1145/1982185.1982496,,07/02/2016,,N,N,N,N,N,N,N,N,N,N,,null,N,N,N,N,N,null,null,null,null,N,N,N,N,N,N,null,null,null,N,N,N,N,N,N,N,N,N,N,N,N,N,N,N, 
164,2,DUPLICATED,UNCLASSIFIED,LOW,22,2011,Article,https://www.scopus.com/inward/record.uri?eid=2-s2.0-79151474319&partnerID=40&md5=e56e53d0e8d72c31c114ddeb6ef53ef0,38,5388-5405,10.1016/j.eswa.2010.10.016,,07/02/2016,,N,N,N,N,N,N,N,N,N,N,,null,N,N,N,N,N,null,null,null,null,N,N,N,N,N,N,null,null,null,N,N,N,N,N,N,N,N,N,N,N,N,N,N,N, 
165,2,REJECTED,UNCLASSIFIED,LOW,31,2010,Conference Paper,https://www.scopus.com/inward/record.uri?eid=2-s2.0-78650015524&partnerID=40&md5=020c8be539677700351f39deeb573afb,2,V246-V249,10.1109/ICSTE.2010.5608760,,07/02/2016,,N,N,N,N,Y,N,N,N,N,N,,null,N,N,N,N,N,null,null,null,null,N,N,N,N,N,N,null,null,null,N,N,N,N,N,N,N,N,N,N,N,N,N,N,N, 
166,2,ACCEPTED,DUPLICATED,LOW,28,2010,Conference Paper,https://www.scopus.com/inward/record.uri?eid=2-s2.0-84861486262&partnerID=40&md5=b4cc58c11f593421c4928fcd43941a90,,295-306,,,07/02/2016,,Y,Y,N,N,N,N,N,N,N,N,,Kreimeyer2010proc,N,Y,N,N,N,null,null,15,null,N,N,Y,N,N,Y,null,120 tasks,null,N,N,N,Y,N,Y,N,N,N,N,Y,N,N,N,Y, 
167,2,ACCEPTED,ACCEPTED,LOW,29,2010,Conference Paper,https://www.scopus.com/inward/record.uri?eid=2-s2.0-79952435990&partnerID=40&md5=3eb5bf1a5797575ddcdf29d77cdc8532,,712-716,10.1109/APSCC.2010.27,,07/02/2016,,Y,Y,N,N,N,N,N,N,N,N,,Fu2010,N,N,N,Y,N,5,null,null,BPEL,N,Y,N,N,N,Y,null,null,null,N,Y,N,N,Y,N,N,N,N,N,Y,N,N,Y,N, 
168,2,ACCEPTED,ACCEPTED,LOW,49,2010,Conference Paper,https://www.scopus.com/inward/record.uri?eid=2-s2.0-78751480000&partnerID=40&md5=6266eebbca627d1532d0335a04f8179e,,79-88,10.1109/QUATIC.2010.13,,07/02/2016,,Y,Y,N,N,N,N,N,N,N,N,,Abreu2010defi,N,N,N,N,Y,null,null,null,BPMN,N,N,Y,N,N,Y,null,null,null,Y,N,N,N,Y,N,N,N,N,N,Y,N,N,Y,N, 
169,2,REJECTED,UNCLASSIFIED,LOW,14,2010,Conference Paper,https://www.scopus.com/inward/record.uri?eid=2-s2.0-78651382443&partnerID=40&md5=58bb7d09c93776110d38345a6bbb921f,,45-48,10.1109/BIPOL.2010.5667972,,07/02/2016,,N,N,N,N,Y,N,N,N,N,N,,null,N,N,N,N,N,null,null,null,null,N,N,N,N,N,N,null,null,null,N,N,N,N,N,N,N,N,N,N,N,N,N,N,N, 
170,2,ACCEPTED,ACCEPTED,LOW,29,2010,Conference Paper,https://www.scopus.com/inward/record.uri?eid=2-s2.0-78449263603&partnerID=40&md5=7a0b2d046f5fb6a04f33fa26b6b01845,,193-196,10.1109/SOSE.2010.24,,07/02/2016,,Y,Y,N,N,N,N,N,N,N,N,,Mao2010comp,N,N,Y,N,N,9,null,null,Petri-Nets,N,Y,N,N,N,Y,null,null,null,Y,N,N,N,Y,N,N,N,N,N,Y,N,N,Y,N, 
171,2,DUPLICATED,UNCLASSIFIED,LOW,31,2010,Conference Paper,https://www.scopus.com/inward/record.uri?eid=2-s2.0-78149264973&partnerID=40&md5=d3cefeccd591d194322dd0db0e59b20d,,,10.1145/1852786.1852792,,07/02/2016,,N,N,N,N,N,N,N,N,N,N,,null,N,N,N,N,N,null,null,null,null,N,N,N,N,N,N,null,null,null,N,N,N,N,N,N,N,N,N,N,N,N,N,N,N, 
172,2,ACCEPTED,DUPLICATED,LOW,46,2010,Conference Paper,https://www.scopus.com/inward/record.uri?eid=2-s2.0-78049480140&partnerID=40&md5=4514ff322630ebf485080c695778889c,,,10.1109/AICCSA.2010.5586986,,07/02/2016,,Y,Y,N,N,N,N,N,N,N,N,,Debnath2010opti,N,N,N,Y,N,6,null,4,BPDM,N,Y,N,N,N,Y,null,null,null,N,N,N,Y,N,N,N,N,Y,N,Y,N,N,Y,N, 
173,2,REJECTED,UNCLASSIFIED,LOW,38,2010,Conference Paper,https://www.scopus.com/inward/record.uri?eid=2-s2.0-77957934781&partnerID=40&md5=6cd846d14b815a35fc373d77ccdbd050,,136-143,10.1109/NOMS.2010.5488450,,07/02/2016,,N,N,N,N,Y,N,N,N,N,N,,null,N,N,N,N,N,null,null,null,null,N,N,N,N,N,N,null,null,null,N,N,N,N,N,N,N,N,N,N,N,N,N,N,N, 
174,2,ACCEPTED,ACCEPTED,LOW,54,2010,Article,https://www.scopus.com/inward/record.uri?eid=2-s2.0-77956470619&partnerID=40&md5=038dcf9bc147991b2a24ecbd31be1c5e,9,1317-1326,,,07/02/2016,,Y,Y,N,N,N,N,N,N,N,N,,Muketha2010,N,N,N,Y,N,7,null,null,BPEL,N,Y,N,N,N,Y,null,3,null,N,Y,N,N,Y,N,N,N,N,N,Y,N,N,Y,N, 
175,2,ACCEPTED,DUPLICATED,LOW,63,2010,Review,https://www.scopus.com/inward/record.uri?eid=2-s2.0-77956460718&partnerID=40&md5=f828d9029c2b64632f741372b67b8212,9,1336-1344,,,07/02/2016,,Y,Y,Y,N,N,N,N,N,N,N,,Muketha2010asur,N,N,N,N,Y,null,null,null,null,N,N,Y,N,N,Y,null,null,null,Y,N,N,N,Y,N,N,N,N,N,Y,N,N,N,Y, 
176,2,REJECTED,UNCLASSIFIED,LOW,26,2010,Conference Paper,https://www.scopus.com/inward/record.uri?eid=2-s2.0-77956245955&partnerID=40&md5=a441106af1bfc9d7f0569ed73cbf8916,,35-42,10.1145/1822327.1822332,,07/02/2016,,N,N,N,N,Y,N,N,N,N,N,,null,N,N,N,N,N,null,null,null,null,N,N,N,N,N,N,null,null,null,N,N,N,N,N,N,N,N,N,N,N,N,N,N,N, 
177,2,REJECTED,UNCLASSIFIED,LOW,25,2010,Conference Paper,https://www.scopus.com/inward/record.uri?eid=2-s2.0-77955440870&partnerID=40&md5=a20f5cf434734646b3244f978898426a,6156 LNCS,32-46,10.1007/978-3-642-13792-1_5,,07/02/2016,,N,N,N,N,Y,N,N,N,N,N,,null,N,N,N,N,N,null,null,null,null,N,N,N,N,N,N,null,null,null,N,N,N,N,N,N,N,N,N,N,N,N,N,N,N, 
178,2,ACCEPTED,ACCEPTED,LOW,28,2009,Conference Paper,https://www.scopus.com/inward/record.uri?eid=2-s2.0-77950204998&partnerID=40&md5=fb08460b768d610cc2fd3c07b6da4155,,291-298,10.1109/SOCA.2009.5410260,,07/02/2016,,N,Y,N,N,N,N,N,N,N,N,,Khoshkbar2009amet,Y,N,N,N,N,2,null,null,BPEL,N,Y,N,N,N,Y,3,20 ,null,N,Y,N,N,N,N,Y,N,N,N,Y,N,Y,N,N, 
179,2,ACCEPTED,DUPLICATED,LOW,29,2009,Conference Paper,https://www.scopus.com/inward/record.uri?eid=2-s2.0-78649308127&partnerID=40&md5=554fd0437ba1cfa24b470381b98d13f4,2,1457-1464,,,07/02/2016,,Y,Y,N,N,N,N,Y,N,N,N,,Han2009eval,N,Y,N,N,N,null,null,1,YAWL,N,N,Y,N,N,Y,null,null,null,N,Y,N,N,Y,N,N,N,N,N,Y,N,Y,N,N, 
180,2,REJECTED,UNCLASSIFIED,LOW,61,2009,Conference Paper,https://www.scopus.com/inward/record.uri?eid=2-s2.0-78149317972&partnerID=40&md5=68994c26dfa791175c3983c14f552323,,195-200,,,07/02/2016,,N,Y,N,Y,N,N,N,N,N,N,,null,N,N,N,N,N,null,null,null,null,N,N,N,N,N,N,null,null,null,N,N,N,N,N,N,N,N,N,N,N,N,N,N,N, 
181,2,DUPLICATED,UNCLASSIFIED,LOW,50,2009,Conference Paper,https://www.scopus.com/inward/record.uri?eid=2-s2.0-84864012164&partnerID=40&md5=027b718a58013fce4d13bcd224c54a0c,94,,,,07/02/2016,,N,N,N,N,N,N,N,N,N,N,,null,N,N,N,N,N,null,null,null,null,N,N,N,N,N,N,null,null,null,N,N,N,N,N,N,N,N,N,N,N,N,N,N,N, 
182,2,REJECTED,UNCLASSIFIED,LOW,31,2009,Conference Paper,https://www.scopus.com/inward/record.uri?eid=2-s2.0-78650653009&partnerID=40&md5=1c7e827dbd03a780bc0ed9e50274b022,5891 LNCS,170-181,10.1007/978-3-642-05415-0_13,,07/02/2016,,N,N,N,N,Y,N,N,N,N,N,,null,N,N,N,N,N,null,null,null,null,N,N,N,N,N,N,null,null,null,N,N,N,N,N,N,N,N,N,N,N,N,N,N,N, 
183,2,REJECTED,UNCLASSIFIED,LOW,8,2009,Conference Paper,https://www.scopus.com/inward/record.uri?eid=2-s2.0-84858764746&partnerID=40&md5=6341a9618c1c0ce1b2be2e52236e2a97,,1097-1104,,,07/02/2016,,N,N,N,N,Y,N,N,N,N,N,,null,N,N,N,N,N,null,null,null,null,N,N,N,N,N,N,null,null,null,N,N,N,N,N,N,N,N,N,N,N,N,N,N,N, 
184,2,REJECTED,UNCLASSIFIED,LOW,39,2009,Article,https://www.scopus.com/inward/record.uri?eid=2-s2.0-68349126826&partnerID=40&md5=bb672c8460681a4f087aa66c499aeec0,26,346-354,,,07/02/2016,,N,N,N,N,Y,N,N,N,N,N,,null,N,N,N,N,N,null,null,null,null,N,N,N,N,N,N,null,null,null,N,N,N,N,N,N,N,N,N,N,N,N,N,N,N, 
185,2,DUPLICATED,UNCLASSIFIED,LOW,41,2009,Article,https://www.scopus.com/inward/record.uri?eid=2-s2.0-77955260331&partnerID=40&md5=c12b97853d4a5cbd079b32c3382263a3,9,1-12,10.1115/1.3130791,,07/02/2016,,N,N,N,N,N,N,N,N,N,N,,null,N,N,N,N,N,null,null,null,null,N,N,N,N,N,N,null,null,null,N,N,N,N,N,N,N,N,N,N,N,N,N,N,N, 
186,2,DUPLICATED,UNCLASSIFIED,LOW,66,2009,Article,https://www.scopus.com/inward/record.uri?eid=2-s2.0-57849114286&partnerID=40&md5=5df65997e4df2f8dcbcebd49e949a57e,51,610-626,10.1016/j.infsof.2008.08.005,,07/02/2016,,N,N,N,N,N,N,N,N,N,N,,null,N,N,N,N,N,null,null,null,null,N,N,N,N,N,N,null,null,null,N,N,N,N,N,N,N,N,N,N,N,N,N,N,N, 
187,2,DUPLICATED,UNCLASSIFIED,LOW,40,2009,Conference Paper,https://www.scopus.com/inward/record.uri?eid=2-s2.0-67249150197&partnerID=40&md5=c9d07874be0712dc0932c4377fc081a5,29 LNBIP,58-70,10.1007/978-3-642-01862-6_6,,07/02/2016,,N,N,N,N,N,N,N,N,N,N,,null,N,N,N,N,N,null,null,null,null,N,N,N,N,N,N,null,null,null,N,N,N,N,N,N,N,N,N,N,N,N,N,N,N, 
188,2,ACCEPTED,DUPLICATED,LOW,69,2008,Conference Paper,https://www.scopus.com/inward/record.uri?eid=2-s2.0-57749183673&partnerID=40&md5=2c36a9be71c18e79cae9889e25faede1,,753-758,10.1109/SNPD.2008.152,,07/02/2016,,Y,Y,N,N,N,N,N,N,N,N,,Parizi2008,N,N,Y,N,N,null,null,4,BPEL,N,N,Y,N,N,Y,null,null,null,Y,N,N,N,Y,N,N,N,N,N,Y,N,Y,N,N, 
189,2,DUPLICATED,UNCLASSIFIED,LOW,52,2008,Conference Paper,https://www.scopus.com/inward/record.uri?eid=2-s2.0-62749185530&partnerID=40&md5=c3ca3dacc9158a06bddf1104e61dc78d,,435-439,10.1109/IEEM.2008.4737906,,07/02/2016,,N,N,N,N,N,N,N,N,N,N,,null,N,N,N,N,N,null,null,null,null,N,N,N,N,N,N,null,null,null,N,N,N,N,N,N,N,N,N,N,N,N,N,N,N, 
190,2,REJECTED,UNCLASSIFIED,LOW,28,2008,Conference Paper,https://www.scopus.com/inward/record.uri?eid=2-s2.0-62749178601&partnerID=40&md5=10b888c44474aaff10ef88e752259fcb,,86-92,,,07/02/2016,,N,N,N,N,Y,N,N,N,N,N,,null,N,N,N,N,N,null,null,null,null,N,N,N,N,N,N,null,null,null,N,N,N,N,N,N,N,N,N,N,N,N,N,N,N, 
191,2,ACCEPTED,ACCEPTED,LOW,35,2008,Conference Paper,https://www.scopus.com/inward/record.uri?eid=2-s2.0-63849165593&partnerID=40&md5=c5168715ad440c97d22538cfa12d7e3b,,1683-1688,,,07/02/2016,,Y,Y,N,N,N,N,N,N,N,N,,Cheng2008cmpl,N,N,Y,N,N,1,null,4,BPMN,N,Y,N,N,N,Y,null,null,null,Y,N,N,N,Y,N,N,N,N,N,Y,N,N,Y,N, 
192,2,DUPLICATED,UNCLASSIFIED,LOW,41,2008,Conference Paper,https://www.scopus.com/inward/record.uri?eid=2-s2.0-44849119831&partnerID=40&md5=c86121ee5c00b95522a5fbae01d4af7d,6 PART A,633-647,10.1115/DETC2007-35686,,07/02/2016,,N,N,N,N,N,N,N,N,N,N,,null,N,N,N,N,N,null,null,null,null,N,N,N,N,N,N,null,null,null,N,N,N,N,N,N,N,N,N,N,N,N,N,N,N, 
193,2,DUPLICATED,UNCLASSIFIED,LOW,52,2008,Article,https://www.scopus.com/inward/record.uri?eid=2-s2.0-55949111041&partnerID=40&md5=96115dd2e1b0e0617da80be0a5526767,5,49-76,,,07/02/2016,,N,N,N,N,N,N,N,N,N,N,,null,N,N,N,N,N,null,null,null,null,N,N,N,N,N,N,null,null,null,N,N,N,N,N,N,N,N,N,N,N,N,N,N,N, 
194,2,ACCEPTED,DUPLICATED,LOW,156,2007,Book Chapter,https://www.scopus.com/inward/record.uri?eid=2-s2.0-78751483464&partnerID=40&md5=d0420bf7ca2ba7bf4e605d6ac4ff9d8d,,13-24,10.1007/1-4020-5634-6_2,,07/02/2016,,Y,Y,N,N,N,N,N,N,N,N,,Gruhn2007,N,N,Y,N,N,null,null,7,EPC,N,N,Y,N,N,Y,null,null,null,Y,N,N,N,Y,N,N,N,N,Y,N,N,Y,N,N, 
195,2,ACCEPTED,DUPLICATED,LOW,28,2007,Conference Paper,https://www.scopus.com/inward/record.uri?eid=2-s2.0-84884507185&partnerID=40&md5=c02ab8a3ed895f1cf833c9e091501720,247,53-56,,,07/02/2016,,Y,Y,N,N,N,N,N,N,N,N,,Mendling2007a,N,N,N,Y,N,null,null,6,EPC,N,N,Y,N,N,Y,null,600,null,N,N,N,Y,N,Y,N,N,N,N,Y,N,Y,N,N, 
196,2,REJECTED,UNCLASSIFIED,LOW,143,2007,Conference Paper,https://www.scopus.com/inward/record.uri?eid=2-s2.0-84863900707&partnerID=40&md5=46908a17169e2c28dd7a7db581caa4d4,,151-160,,,07/02/2016,,N,Y,N,Y,N,N,N,N,N,N,,null,N,N,N,N,N,null,null,null,null,N,N,N,N,N,N,null,null,null,N,N,N,N,N,N,N,N,N,N,N,N,N,N,N, 
197,2,DUPLICATED,UNCLASSIFIED,LOW,52,2007,Article,https://www.scopus.com/inward/record.uri?eid=2-s2.0-34247577545&partnerID=40&md5=6655a50a359221ccb107c5b618e4f330,23,760-772,10.1016/j.future.2007.01.003,,07/02/2016,,N,N,N,N,N,N,N,N,N,N,,null,N,N,N,N,N,null,null,null,null,N,N,N,N,N,N,null,null,null,N,N,N,N,N,N,N,N,N,N,N,N,N,N,N, 
198,2,ACCEPTED,ACCEPTED,LOW,38,2007,Conference Paper,https://www.scopus.com/inward/record.uri?eid=2-s2.0-33847065435&partnerID=40&md5=f44aec9e876f559517c9e5be77fc20ed,12,35-49,10.1002/spip.302,,07/02/2016,,Y,Y,N,N,N,N,N,N,N,N,,Cardoso2007,N,N,Y,N,N,2,null,null,BPEL,N,N,Y,N,N,Y,null,null,null,Y,N,N,N,Y,N,N,N,N,N,Y,N,Y,N,N, 
199,2,ACCEPTED,DUPLICATED,LOW,66,2006,Conference Paper,https://www.scopus.com/inward/record.uri?eid=2-s2.0-77953903677&partnerID=40&md5=92cd0e79a0209c736308d8347ce66648,ISAS,440-443,,,07/02/2016,,Y,Y,N,N,N,N,N,N,N,N,,Rolon2006towa,N,N,Y,N,N,null,null,14,BPMN,N,N,Y,N,N,Y,null,null,null,Y,N,N,N,Y,N,N,N,N,N,Y,N,Y,N,N, 
200,2,ACCEPTED,DUPLICATED,LOW,42,2006,Conference Paper,https://www.scopus.com/inward/record.uri?eid=2-s2.0-35148845760&partnerID=40&md5=7a6c90c2f6f7e74abc945c4b32c9fdd5,,167-173,10.1109/SCC.2006.82,,07/02/2016,,Y,Y,N,N,N,N,N,N,N,N,,Cardoso2006a,N,N,N,Y,N,null,null,1 from \cite{Cardoso2005cont},generic workflow/process,N,N,Y,N,N,Y,19,22,concluded that the CFC metric is highly correlated with the control-flow complexity of processes. there exists a high correlation between the CFC metric and the subject’s rating of control-flow complexity,N,N,N,Y,N,N,Y,N,N,N,Y,N,Y,N,N, 
201,2,ACCEPTED,ACCEPTED,LOW,27,2006,Conference Paper,https://www.scopus.com/inward/record.uri?eid=2-s2.0-84882991821&partnerID=40&md5=fd0bb50d14dd84a4bb073227a1374c42,,1-12,,,07/02/2016,,Y,Y,N,N,N,N,N,N,N,N,,Gruhn2006comp,N,N,Y,N,N,6,null,1 CFC,"Generic BPM (expect it to wirk with {\glEPC}, {\glUMLAD}, {\gkBPMN}, and {\glYAWL}).",N,Y,N,Y,N,Y,null,null,null,Y,N,N,N,Y,N,N,N,N,N,Y,N,N,N,N, 
202,2,REJECTED,UNCLASSIFIED,LOW,19,2006,Conference Paper,https://www.scopus.com/inward/record.uri?eid=2-s2.0-55549130643&partnerID=40&md5=ada33e0a4d96d412d8f63c7c73f06757,1,255-260,10.1109/COGINF.2006.365705,,07/02/2016,,N,N,N,N,Y,N,N,N,N,N,,null,N,N,N,N,N,null,null,null,null,N,N,N,N,N,N,null,null,null,N,N,N,N,N,N,N,N,N,N,N,N,N,N,N, 
203,2,REJECTED,UNCLASSIFIED,LOW,14,2006,Conference Paper,https://www.scopus.com/inward/record.uri?eid=2-s2.0-46449133050&partnerID=40&md5=b56a45ba483d9c8c40e4f41b54ccc8e1,,255-258,10.1109/INMIC.2006.358173,,07/02/2016,,N,N,N,N,Y,N,N,N,N,N,,null,N,N,N,N,N,null,null,null,null,N,N,N,N,N,N,null,null,null,N,N,N,N,N,N,N,N,N,N,N,N,N,N,N, 
204,2,REJECTED,UNCLASSIFIED,LOW,40,2006,Conference Paper,https://www.scopus.com/inward/record.uri?eid=2-s2.0-34047152854&partnerID=40&md5=08bef2e0db4c5f101a21337de3c420cb,1,,,,07/02/2016,,N,N,N,N,Y,N,N,N,N,N,,null,N,N,N,N,N,null,null,null,null,N,N,N,N,N,N,null,null,null,N,N,N,N,N,N,N,N,N,N,N,N,N,N,N, 
205,2,ACCEPTED,ACCEPTED,LOW,17,2006,Conference Paper,https://www.scopus.com/inward/record.uri?eid=2-s2.0-48049109874&partnerID=40&md5=69d859705ef2a020a5a590a744c44623,1,236-241,10.1109/COGINF.2006.365702,,07/02/2016,,Y,Y,N,N,N,N,N,N,N,N,,Gruhn2006adop,N,N,Y,N,N,1,null,null,YAWL,N,Y,N,N,N,Y,null,null,null,Y,N,N,N,Y,N,N,N,N,N,Y,N,Y,N,N, 
206,2,DUPLICATED,UNCLASSIFIED,LOW,17,2006,Conference Paper,https://www.scopus.com/inward/record.uri?eid=2-s2.0-33749641339&partnerID=40&md5=e997c408dcf5a5eed13bd4176c5aab3c,4103 LNCS,117-128,,,07/02/2016,,N,N,N,N,N,N,N,N,N,N,,null,N,N,N,N,N,null,null,null,null,N,N,N,N,N,N,null,null,null,N,N,N,N,N,N,N,N,N,N,N,N,N,N,N, 
207,2,DUPLICATED,UNCLASSIFIED,LOW,32,2006,Conference Paper,https://www.scopus.com/inward/record.uri?eid=2-s2.0-33845255285&partnerID=40&md5=9b381383ecb8d029136bae5df405a68e,4269 LNCS,61-73,,,07/02/2016,,N,N,N,N,N,N,N,N,N,N,,null,N,N,N,N,N,null,null,null,null,N,N,N,N,N,N,null,null,null,N,N,N,N,N,N,N,N,N,N,N,N,N,N,N, 
208,2,ACCEPTED,DUPLICATED,LOW,35,2005,Conference Paper,https://www.scopus.com/inward/record.uri?eid=2-s2.0-33749067412&partnerID=40&md5=8a7dd50fe94f023af5a3e7ae96cbf200,2005,803-804,10.1109/ICWS.2005.57,,07/02/2016,,Y,Y,N,N,N,N,N,N,N,N,,Cardoso2005eval,Y,N,N,N,N,null,null,1 from \cite{Cardoso2005cont},null,N,N,Y,N,Y,N,null,null,null,Y,N,N,N,Y,N,N,N,N,N,Y,N,Y,N,N, 
209,2,REJECTED,UNCLASSIFIED,LOW,23,2005,Conference Paper,https://www.scopus.com/inward/record.uri?eid=2-s2.0-33947188692&partnerID=40&md5=a3b3905f9e04b5be4eec328d7c8c58eb,2005,216-221,,,07/02/2016,,N,Y,N,Y,N,N,N,N,N,N,,null,N,N,N,N,N,null,null,null,null,N,N,N,N,N,N,null,null,null,N,N,N,N,N,N,N,N,N,N,N,N,N,N,N, 
210,2,DUPLICATED,UNCLASSIFIED,LOW,17,2005,Article,https://www.scopus.com/inward/record.uri?eid=2-s2.0-28744457192&partnerID=40&md5=bb761f3e613ddb7f6ae25fcc16c8849b,12,829-848,,,07/02/2016,,N,N,N,N,N,N,N,N,N,N,,null,N,N,N,N,N,null,null,null,null,N,N,N,N,N,N,null,null,null,N,N,N,N,N,N,N,N,N,N,N,N,N,N,N, 
211,2,DUPLICATED,UNCLASSIFIED,LOW,11,2005,Article,https://www.scopus.com/inward/record.uri?eid=2-s2.0-18144375951&partnerID=40&md5=f09b53b595648b1e90f91d8dfd963449,77,81-90,10.1016/j.jss.2004.12.012,,07/02/2016,,N,N,N,N,N,N,N,N,N,N,,null,N,N,N,N,N,null,null,null,null,N,N,N,N,N,N,null,null,null,N,N,N,N,N,N,N,N,N,N,N,N,N,N,N, 
212,2,REJECTED,UNCLASSIFIED,LOW,64,2004,Review,https://www.scopus.com/inward/record.uri?eid=2-s2.0-84884728299&partnerID=40&md5=d55ec6f4814ad1c3680139ce4e33c4d5,,3-89,,,07/02/2016,,N,N,N,Y,N,N,N,N,N,N,,null,N,N,N,N,N,null,null,null,null,N,N,N,N,N,N,null,null,null,N,N,N,N,N,N,N,N,N,N,N,N,N,N,N, 
213,2,REJECTED,UNCLASSIFIED,LOW,34,2004,Article,https://www.scopus.com/inward/record.uri?eid=2-s2.0-3042589892&partnerID=40&md5=2d018e7cd8c45dfb0cef1b86444d28d3,44,261-271,10.1177/0014485104042447,,07/02/2016,,N,N,N,N,Y,N,N,N,N,N,,null,N,N,N,N,N,null,null,null,null,N,N,N,N,N,N,null,null,null,N,N,N,N,N,N,N,N,N,N,N,N,N,N,N, 
214,2,REJECTED,UNCLASSIFIED,LOW,11,2003,Article,https://www.scopus.com/inward/record.uri?eid=2-s2.0-19644365799&partnerID=40&md5=5f3a4044e697344b6fd6af53a9ad8940,15,283-307+357,10.1023/B:FLEX.0000036032.41757.3d,,07/02/2016,,N,N,N,N,Y,N,N,N,N,N,,null,N,N,N,N,N,null,null,null,null,N,N,N,N,N,N,null,null,null,N,N,N,N,N,N,N,N,N,N,N,N,N,N,N, 
215,2,REJECTED,UNCLASSIFIED,LOW,19,2003,Conference Paper,https://www.scopus.com/inward/record.uri?eid=2-s2.0-0037700207&partnerID=40&md5=83f349c24cf8dc92b4624fd863aad591,32,829-836,,,07/02/2016,,N,N,N,N,Y,N,N,N,N,N,,null,N,N,N,N,N,null,null,null,null,N,N,N,N,N,N,null,null,null,N,N,N,N,N,N,N,N,N,N,N,N,N,N,N, 
216,2,REJECTED,UNCLASSIFIED,LOW,8,2002,Conference Paper,https://www.scopus.com/inward/record.uri?eid=2-s2.0-0036388869&partnerID=40&md5=d6ff0d08cf5823f710ac7d8096037c1f,,1-9,,,07/02/2016,,N,N,N,N,Y,N,N,N,N,N,,null,N,N,N,N,N,null,null,null,null,N,N,N,N,N,N,null,null,null,N,N,N,N,N,N,N,N,N,N,N,N,N,N,N, 
217,2,REJECTED,UNCLASSIFIED,LOW,11,2001,Conference Paper,https://www.scopus.com/inward/record.uri?eid=2-s2.0-0035790940&partnerID=40&md5=e9d21feb017367eb818fc52e9a4c4ff7,,9-10,,,07/02/2016,,N,N,N,N,Y,N,N,N,N,N,,null,N,N,N,N,N,null,null,null,null,N,N,N,N,N,N,null,null,null,N,N,N,N,N,N,N,N,N,N,N,N,N,N,N, 
218,2,DUPLICATED,UNCLASSIFIED,LOW,13,2001,Conference Paper,https://www.scopus.com/inward/record.uri?eid=2-s2.0-1442278942&partnerID=40&md5=6fc6a7a31ef388c4a72cf3ff4daf7744,,27-36,,,07/02/2016,,N,N,N,N,N,N,N,N,N,N,,null,N,N,N,N,N,null,null,null,null,N,N,N,N,N,N,null,null,null,N,N,N,N,N,N,N,N,N,N,N,N,N,N,N, 
219,2,REJECTED,UNCLASSIFIED,LOW,17,2001,Conference Paper,https://www.scopus.com/inward/record.uri?eid=2-s2.0-84887130316&partnerID=40&md5=17873b315996d4292f1c48119f52452f,2178 LNCS,242-256,,,07/02/2016,,N,N,N,N,Y,N,N,N,N,N,,null,N,N,N,N,N,null,null,null,null,N,N,N,N,N,N,null,null,null,N,N,N,N,N,N,N,N,N,N,N,N,N,N,N, 
220,2,REJECTED,UNCLASSIFIED,LOW,28,2001,Conference Paper,https://www.scopus.com/inward/record.uri?eid=2-s2.0-84954064989&partnerID=40&md5=6037f058895e17d8ce4eb78a78cbe731,,104-109,10.1109/APAQS.2001.990008,,07/02/2016,,N,N,N,N,Y,N,N,N,N,N,,null,N,N,N,N,N,null,null,null,null,N,N,N,N,N,N,null,null,null,N,N,N,N,N,N,N,N,N,N,N,N,N,N,N, 
221,2,REJECTED,UNCLASSIFIED,LOW,14,2000,Article,https://www.scopus.com/inward/record.uri?eid=2-s2.0-0034387771&partnerID=40&md5=c3a389744bca15c7be0e3d0ab898c524,9,1-15,,,07/02/2016,,N,N,N,N,Y,N,N,N,N,N,,null,N,N,N,N,N,null,null,null,null,N,N,N,N,N,N,null,null,null,N,N,N,N,N,N,N,N,N,N,N,N,N,N,N, 
222,2,REJECTED,UNCLASSIFIED,LOW,8,1997,Conference Paper,https://www.scopus.com/inward/record.uri?eid=2-s2.0-0030705037&partnerID=40&md5=db458dfcd4a0ea97e8692f33cc4a28b1,,322-323,,,07/02/2016,,N,N,N,N,Y,N,N,N,N,N,,null,N,N,N,N,N,null,null,null,null,N,N,N,N,N,N,null,null,null,N,N,N,N,N,N,N,N,N,N,N,N,N,N,N, 
677,3,DUPLICATED,UNCLASSIFIED,LOW,63,2011,,,,1362-1366,10.1109/CIS.2011.303,,07/03/2016,,N,N,N,N,N,N,N,N,N,N,,null,N,N,N,N,N,null,null,null,null,N,N,N,N,N,N,null,null,null,N,N,N,N,N,N,N,N,N,N,N,N,N,N,N, 
678,3,REJECTED,UNCLASSIFIED,LOW,42,2008,,,,239-246,10.1109/APSEC.2008.37,1530-1362,07/03/2016,,N,N,N,N,Y,N,N,N,N,N,,null,N,N,N,N,N,null,null,null,null,N,N,N,N,N,N,null,null,null,N,N,N,N,N,N,N,N,N,N,N,N,N,N,N, 
679,3,REJECTED,UNCLASSIFIED,LOW,28,2014,,,,300-304,10.1109/ICALT.2014.93,2161-3761,07/03/2016,,N,Y,N,Y,N,N,N,N,N,N,,null,N,N,N,N,N,null,null,null,null,N,N,N,N,N,N,null,null,null,N,N,N,N,N,N,N,N,N,N,N,N,N,N,N, 
680,3,ACCEPTED,DUPLICATED,LOW,72,2008,,,,435-439,10.1109/IEEM.2008.4737906,2157-3611,07/03/2016,,Y,Y,N,N,N,N,N,N,N,N,,Kreimeyer2008stru,N,N,Y,N,N,1,null,2,EPC,N,Y,N,Y,N,Y,null,null,null,Y,N,N,N,Y,N,N,N,N,N,Y,N,Y,N,N, 
681,3,ACCEPTED,ACCEPTED,LOW,66,2015,,,,55-58,10.1109/SAM.2015.15,,07/03/2016,,N,Y,N,N,N,N,N,N,N,N,,Lubke2015usin,N,N,Y,N,N,null,null,null,BPEL,Y,N,N,N,Y,N,null,null,null,Y,N,N,N,Y,N,N,N,N,Y,N,N,N,N,Y, 
682,3,DUPLICATED,UNCLASSIFIED,LOW,25,2006,,,1,255-260,10.1109/COGINF.2006.365705,,07/03/2016,,N,N,N,N,N,N,N,N,N,N,,null,N,N,N,N,N,null,null,null,null,N,N,N,N,N,N,null,null,null,N,N,N,N,N,N,N,N,N,N,N,N,N,N,N, 
683,3,DUPLICATED,UNCLASSIFIED,LOW,69,2010,,,,79-88,10.1109/QUATIC.2010.13,,07/03/2016,,N,N,N,N,N,N,N,N,N,N,,null,N,N,N,N,N,null,null,null,null,N,N,N,N,N,N,null,null,null,N,N,N,N,N,N,N,N,N,N,N,N,N,N,N, 
684,3,REJECTED,UNCLASSIFIED,LOW,39,2011,,,,201-204,10.1109/ICPC.2011.41,1092-8138,07/03/2016,,N,N,N,N,Y,N,N,N,N,N,,null,N,N,N,N,N,null,null,null,null,N,N,N,N,N,N,null,null,null,N,N,N,N,N,N,N,N,N,N,N,N,N,N,N, 
685,3,REJECTED,UNCLASSIFIED,LOW,21,2004,,,,136-144,10.1109/ISESE.2004.1334901,,07/03/2016,,N,N,N,N,Y,N,N,N,N,N,,null,N,N,N,N,N,null,null,null,null,N,N,N,N,N,N,null,null,null,N,N,N,N,N,N,N,N,N,N,N,N,N,N,N, 
686,3,DUPLICATED,UNCLASSIFIED,LOW,39,2010,,,2,V2-46-V2-49,10.1109/ICSTE.2010.5608760,,07/03/2016,,N,N,N,N,N,N,N,N,N,N,,null,N,N,N,N,N,null,null,null,null,N,N,N,N,N,N,null,null,null,N,N,N,N,N,N,N,N,N,N,N,N,N,N,N, 
687,3,REJECTED,UNCLASSIFIED,LOW,37,2013,,,,740-745,10.1109/CCA.2013.6662838,1085-1992,07/03/2016,,N,N,N,N,Y,N,N,N,N,N,,null,N,N,N,N,N,null,null,null,null,N,N,N,N,N,N,null,null,null,N,N,N,N,N,N,N,N,N,N,N,N,N,N,N, 
688,3,REJECTED,UNCLASSIFIED,LOW,47,2013,,,,432-441,10.1109/ICSE.2013.6606589,0270-5257,07/03/2016,,N,N,N,N,Y,N,N,N,N,N,,null,N,N,N,N,N,null,null,null,null,N,N,N,N,N,N,null,null,null,N,N,N,N,N,N,N,N,N,N,N,N,N,N,N, 
689,3,DUPLICATED,UNCLASSIFIED,LOW,43,2010,,,,712-716,10.1109/APSCC.2010.27,,07/03/2016,,N,N,N,N,N,N,N,N,N,N,,null,N,N,N,N,N,null,null,null,null,N,N,N,N,N,N,null,null,null,N,N,N,N,N,N,N,N,N,N,N,N,N,N,N, 
690,3,REJECTED,UNCLASSIFIED,LOW,36,2000,,,48,1164-1170,10.1109/78.827549,1053-587X,07/03/2016,,N,N,N,N,Y,N,N,N,N,N,,null,N,N,N,N,N,null,null,null,null,N,N,N,N,N,N,null,null,null,N,N,N,N,N,N,N,N,N,N,N,N,N,N,N, 
691,3,DUPLICATED,UNCLASSIFIED,LOW,49,2011,,,7,614-629,10.1109/TII.2011.2166795,1551-3203,07/03/2016,,N,N,N,N,N,N,N,N,N,N,,null,N,N,N,N,N,null,null,null,null,N,N,N,N,N,N,null,null,null,N,N,N,N,N,N,N,N,N,N,N,N,N,N,N, 
692,3,DUPLICATED,UNCLASSIFIED,LOW,36,2016,,,,4424-4433,10.1109/HICSS.2016.551,1530-1605,07/03/2016,,N,N,N,N,N,N,N,N,N,N,,null,N,N,N,N,N,null,null,null,null,N,N,N,N,N,N,null,null,null,N,N,N,N,N,N,N,N,N,N,N,N,N,N,N, 
693,3,DUPLICATED,UNCLASSIFIED,LOW,18,2006,,,,255-258,10.1109/INMIC.2006.358173,,07/03/2016,,N,N,N,N,N,N,N,N,N,N,,null,N,N,N,N,N,null,null,null,null,N,N,N,N,N,N,null,null,null,N,N,N,N,N,N,N,N,N,N,N,N,N,N,N, 
694,3,DUPLICATED,UNCLASSIFIED,LOW,46,2006,,,1,1-6,10.1109/DATE.2006.243900,1530-1591,07/03/2016,,N,N,N,N,N,N,N,N,N,N,,null,N,N,N,N,N,null,null,null,null,N,N,N,N,N,N,null,null,null,N,N,N,N,N,N,N,N,N,N,N,N,N,N,N, 
695,3,DUPLICATED,UNCLASSIFIED,LOW,37,2010,,,,193-196,10.1109/SOSE.2010.24,,07/03/2016,,N,N,N,N,N,N,N,N,N,N,,null,N,N,N,N,N,null,null,null,null,N,N,N,N,N,N,null,null,null,N,N,N,N,N,N,N,N,N,N,N,N,N,N,N, 
696,3,DUPLICATED,UNCLASSIFIED,LOW,64,2010,,,,1-8,10.1109/AICCSA.2010.5586986,2161-5322,07/03/2016,,N,N,N,N,N,N,N,N,N,N,,null,N,N,N,N,N,null,null,null,null,N,N,N,N,N,N,null,null,null,N,N,N,N,N,N,N,N,N,N,N,N,N,N,N, 
697,3,DUPLICATED,UNCLASSIFIED,LOW,143,2013,,,,31-37,10.1109/ICACSIS.2013.6761549,,07/03/2016,,N,N,N,N,N,N,N,N,N,N,,null,N,N,N,N,N,null,null,null,null,N,N,N,N,N,N,null,null,null,N,N,N,N,N,N,N,N,N,N,N,N,N,N,N, 
698,3,DUPLICATED,UNCLASSIFIED,LOW,34,2009,,,,1-8,10.1109/SOCA.2009.5410260,2163-2871,07/03/2016,,N,N,N,N,N,N,N,N,N,N,,null,N,N,N,N,N,null,null,null,null,N,N,N,N,N,N,null,null,null,N,N,N,N,N,N,N,N,N,N,N,N,N,N,N, 
699,3,REJECTED,UNCLASSIFIED,LOW,44,2012,,,,130-138,10.1109/SRII.2012.25,2166-0778,07/03/2016,,N,N,N,N,Y,N,N,N,N,N,,null,N,N,N,N,N,null,null,null,null,N,N,N,N,N,N,null,null,null,N,N,N,N,N,N,N,N,N,N,N,N,N,N,N, 
700,3,DUPLICATED,UNCLASSIFIED,LOW,51,2005,,,,804,10.1109/ICWS.2005.57,,07/03/2016,,N,N,N,N,N,N,N,N,N,N,,null,N,N,N,N,N,null,null,null,null,N,N,N,N,N,N,null,null,null,N,N,N,N,N,N,N,N,N,N,N,N,N,N,N, 
701,3,DUPLICATED,UNCLASSIFIED,LOW,48,2012,,,,7-8,10.1109/ISSREW.2012.36,,07/03/2016,,N,N,N,N,N,N,N,N,N,N,,null,N,N,N,N,N,null,null,null,null,N,N,N,N,N,N,null,null,null,N,N,N,N,N,N,N,N,N,N,N,N,N,N,N, 
702,3,DUPLICATED,UNCLASSIFIED,LOW,33,2014,,,,2214-2221,10.1109/CEC.2014.6900651,1089-778X,07/03/2016,,N,N,N,N,N,N,N,N,N,N,,null,N,N,N,N,N,null,null,null,null,N,N,N,N,N,N,null,null,null,N,N,N,N,N,N,N,N,N,N,N,N,N,N,N, 
703,3,DUPLICATED,UNCLASSIFIED,LOW,64,2006,,,,167-173,10.1109/SCC.2006.82,,07/03/2016,,N,N,N,N,N,N,N,N,N,N,,null,N,N,N,N,N,null,null,null,null,N,N,N,N,N,N,null,null,null,N,N,N,N,N,N,N,N,N,N,N,N,N,N,N, 
704,3,DUPLICATED,UNCLASSIFIED,LOW,37,2006,,,1,236-241,10.1109/COGINF.2006.365702,,07/03/2016,,N,N,N,N,N,N,N,N,N,N,,null,N,N,N,N,N,null,null,null,null,N,N,N,N,N,N,null,null,null,N,N,N,N,N,N,N,N,N,N,N,N,N,N,N, 
705,3,DUPLICATED,UNCLASSIFIED,LOW,50,2010,,,,136-143,10.1109/NOMS.2010.5488450,1542-1201,07/03/2016,,N,N,N,N,N,N,N,N,N,N,,null,N,N,N,N,N,null,null,null,null,N,N,N,N,N,N,null,null,null,N,N,N,N,N,N,N,N,N,N,N,N,N,N,N, 
706,3,DUPLICATED,UNCLASSIFIED,LOW,44,2001,,,,104-109,10.1109/APAQS.2001.990008,,07/03/2016,,N,N,N,N,N,N,N,N,N,N,,null,N,N,N,N,N,null,null,null,null,N,N,N,N,N,N,null,null,null,N,N,N,N,N,N,N,N,N,N,N,N,N,N,N, 
707,3,DUPLICATED,UNCLASSIFIED,LOW,83,2008,,,,753-758,10.1109/SNPD.2008.152,,07/03/2016,,N,N,N,N,N,N,N,N,N,N,,null,N,N,N,N,N,null,null,null,null,N,N,N,N,N,N,null,null,null,N,N,N,N,N,N,N,N,N,N,N,N,N,N,N, 
708,3,DUPLICATED,UNCLASSIFIED,LOW,67,2015,,,,203-208,10.1109/ICTS.2015.7379899,,07/03/2016,,N,N,N,N,N,N,N,N,N,N,,null,N,N,N,N,N,null,null,null,null,N,N,N,N,N,N,null,null,null,N,N,N,N,N,N,N,N,N,N,N,N,N,N,N, 
709,3,REJECTED,UNCLASSIFIED,LOW,18,2009,,,,113-120,10.1109/SEAA.2009.70,1089-6503,07/03/2016,,N,N,N,N,Y,N,N,N,N,N,,null,N,N,N,N,N,null,null,null,null,N,N,N,N,N,N,null,null,null,N,N,N,N,N,N,N,N,N,N,N,N,N,N,N, 
710,3,REJECTED,UNCLASSIFIED,LOW,40,2009,,,,136-143,10.1109/GCC.2009.9,2160-4908,07/03/2016,,N,N,N,N,Y,N,N,N,N,N,,null,N,N,N,N,N,null,null,null,null,N,N,N,N,N,N,null,null,null,N,N,N,N,N,N,N,N,N,N,N,N,N,N,N, 
711,3,DUPLICATED,UNCLASSIFIED,LOW,62,2012,,,,919-922,,,07/03/2016,,N,N,N,N,N,N,N,N,N,N,,null,N,N,N,N,N,null,null,null,null,N,N,N,N,N,N,null,null,null,N,N,N,N,N,N,N,N,N,N,N,N,N,N,N, 
716,4,REJECTED,UNCLASSIFIED,LOW,52,2011,,,,209-214,10.1109/IWSM-MENSURA.2011.19,,07/03/2016,,N,N,N,N,Y,N,N,N,N,N,,null,N,N,N,N,N,null,null,null,null,N,N,N,N,N,N,null,null,null,N,N,N,N,N,N,N,N,N,N,N,N,N,N,N, 
725,4,REJECTED,UNCLASSIFIED,LOW,41,2008,,,,208-215,10.1109/NOMS.2008.4575136,1542-1201,07/03/2016,,N,N,N,N,Y,N,N,N,N,N,,null,N,N,N,N,N,null,null,null,null,N,N,N,N,N,N,null,null,null,N,N,N,N,N,N,N,N,N,N,N,N,N,N,N, 
726,4,REJECTED,UNCLASSIFIED,LOW,17,2007,,,,5787-5792,10.1109/ICC.2007.959,1550-3607,07/03/2016,,N,N,N,N,Y,N,N,N,N,N,,null,N,N,N,N,N,null,null,null,null,N,N,N,N,N,N,null,null,null,N,N,N,N,N,N,N,N,N,N,N,N,N,N,N, 
731,4,REJECTED,UNCLASSIFIED,LOW,25,2005,,,,48-57,10.1109/ASWEC.2005.46,1530-0803,07/03/2016,,N,N,N,N,Y,N,N,N,N,N,,null,N,N,N,N,N,null,null,null,null,N,N,N,N,N,N,null,null,null,N,N,N,N,N,N,N,N,N,N,N,N,N,N,N, 
733,4,DUPLICATED,UNCLASSIFIED,LOW,25,2005,,,,218-221,10.1109/SAINTW.2005.1620015,,07/03/2016,,N,N,N,N,N,N,N,N,N,N,,null,N,N,N,N,N,null,null,null,null,N,N,N,N,N,N,null,null,null,N,N,N,N,N,N,N,N,N,N,N,N,N,N,N, 
737,4,REJECTED,UNCLASSIFIED,LOW,22,2012,,,,1-8,10.1109/ICPHM.2012.6299545,,07/03/2016,,N,N,N,N,Y,N,N,N,N,N,,null,N,N,N,N,N,null,null,null,null,N,N,N,N,N,N,null,null,null,N,N,N,N,N,N,N,N,N,N,N,N,N,N,N, 
739,4,REJECTED,UNCLASSIFIED,LOW,10,2011,,,,595-599,10.1109/IEEM.2011.6117986,2157-3611,07/03/2016,,N,N,N,N,Y,N,N,N,N,N,,null,N,N,N,N,N,null,null,null,null,N,N,N,N,N,N,null,null,null,N,N,N,N,N,N,N,N,N,N,N,N,N,N,N, 
741,4,REJECTED,UNCLASSIFIED,LOW,25,1995,,,,23-30,10.1109/ICECCS.1995.479298,,07/03/2016,,N,N,N,N,Y,N,N,N,N,N,,null,N,N,N,N,N,null,null,null,null,N,N,N,N,N,N,null,null,null,N,N,N,N,N,N,N,N,N,N,N,N,N,N,N, 
750,4,REJECTED,UNCLASSIFIED,LOW,12,1995,,,,190-195,10.1109/IEMC.1995.523931,,07/03/2016,,N,N,N,N,Y,N,N,N,N,N,,null,N,N,N,N,N,null,null,null,null,N,N,N,N,N,N,null,null,null,N,N,N,N,N,N,N,N,N,N,N,N,N,N,N, 
751,4,DUPLICATED,UNCLASSIFIED,LOW,13,2012,,,,1781-1786,10.1109/ICMSE.2012.6414413,2155-1847,07/03/2016,,N,N,N,N,N,N,N,N,N,N,,null,N,N,N,N,N,null,null,null,null,N,N,N,N,N,N,null,null,null,N,N,N,N,N,N,N,N,N,N,N,N,N,N,N, 
753,5,DUPLICATED,UNCLASSIFIED,LOW,26,2011,,http://www.sciencedirect.com/science/article/pii/S0957417410011607,38,5388 - 5405,http://dx.doi.org/10.1016/j.eswa.2010.10.016,0957-4174,07/03/2016,,N,N,N,N,N,N,N,N,N,N,,null,N,N,N,N,N,null,null,null,null,N,N,N,N,N,N,null,null,null,N,N,N,N,N,N,N,N,N,N,N,N,N,N,N, 
754,5,DUPLICATED,UNCLASSIFIED,LOW,68,2009,,http://www.sciencedirect.com/science/article/pii/S0950584908001092,51,610 - 626,http://dx.doi.org/10.1016/j.infsof.2008.08.005,0950-5849,07/03/2016,,Y,Y,N,N,N,N,N,N,N,N,,null,N,N,N,N,N,null,null,null,null,N,N,N,N,N,N,null,null,null,N,N,N,N,N,N,N,N,N,N,N,N,N,N,N, 
755,5,REJECTED,UNCLASSIFIED,LOW,16,2003,,http://www.sciencedirect.com/science/article/pii/S1570794603805977,15,517 - 522,http://dx.doi.org/10.1016/S1570-7946(03)80597-7,1570-7946,07/03/2016,,N,N,N,N,Y,N,N,N,N,N,,null,N,N,N,N,N,null,null,null,null,N,N,N,N,N,N,null,null,null,N,N,N,N,N,N,N,N,N,N,N,N,N,N,N, 
756,5,REJECTED,UNCLASSIFIED,LOW,16,2007,,http://www.sciencedirect.com/science/article/pii/S1567832607000069,72,50 - 77,http://dx.doi.org/10.1016/j.jlap.2007.02.004,1567-8326,07/03/2016,,N,N,N,N,Y,N,N,N,N,N,,null,N,N,N,N,N,null,null,null,null,N,N,N,N,N,N,null,null,null,N,N,N,N,N,N,N,N,N,N,N,N,N,N,N, 
757,5,REJECTED,UNCLASSIFIED,LOW,68,2012,,http://www.sciencedirect.com/science/article/pii/S0933365711001394,54,15 - 27,http://dx.doi.org/10.1016/j.artmed.2011.10.001,0933-3657,07/03/2016,,N,N,N,Y,N,N,N,N,N,N,,null,N,N,N,N,N,null,null,null,null,N,N,N,N,N,N,null,null,null,N,N,N,N,N,N,N,N,N,N,N,N,N,N,N, 
758,5,REJECTED,UNCLASSIFIED,LOW,19,2011,,http://www.sciencedirect.com/science/article/pii/S0263786310001092,29,718 - 727,http://dx.doi.org/10.1016/j.ijproman.2010.07.005,0263-7863,07/03/2016,,N,N,N,N,Y,N,N,N,N,N,,null,N,N,N,N,N,null,null,null,null,N,N,N,N,N,N,null,null,null,N,N,N,N,N,N,N,N,N,N,N,N,N,N,N, 
759,5,REJECTED,UNCLASSIFIED,LOW,13,2005,,http://www.sciencedirect.com/science/article/pii/S0164121204002353,77,81 - 90,http://dx.doi.org/10.1016/j.jss.2004.12.012,0164-1212,07/03/2016,,N,N,N,N,Y,N,N,N,N,N,,null,N,N,N,N,N,null,null,null,null,N,N,N,N,N,N,null,null,null,N,N,N,N,N,N,N,N,N,N,N,N,N,N,N, 
760,5,DUPLICATED,UNCLASSIFIED,LOW,22,2012,,http://www.sciencedirect.com/science/article/pii/S0950584912000900,54,1159 - 1174,http://dx.doi.org/10.1016/j.infsof.2012.05.001,0950-5849,07/03/2016,,N,N,N,N,N,N,N,N,N,N,,null,N,N,N,N,N,null,null,null,null,N,N,N,N,N,N,null,null,null,N,N,N,N,N,N,N,N,N,N,N,N,N,N,N, 
761,5,REJECTED,UNCLASSIFIED,LOW,56,2007,,http://www.sciencedirect.com/science/article/pii/S0167739X07000027,23,760 - 772,http://dx.doi.org/10.1016/j.future.2007.01.003,0167-739X,07/03/2016,,N,N,N,Y,N,N,N,N,N,N,,null,N,N,N,N,N,null,null,null,null,N,N,N,N,N,N,null,null,null,N,N,N,N,N,N,N,N,N,N,N,N,N,N,N, 
762,5,DUPLICATED,UNCLASSIFIED,LOW,13,2010,,http://www.sciencedirect.com/science/article/pii/S0022249610000209,54,291 - 303,http://dx.doi.org/10.1016/j.jmp.2010.02.001,0022-2496,07/03/2016,,N,N,N,N,N,N,N,N,N,N,,null,N,N,N,N,N,null,null,null,null,N,N,N,N,N,N,null,null,null,N,N,N,N,N,N,N,N,N,N,N,N,N,N,N, 
763,5,DUPLICATED,UNCLASSIFIED,LOW,37,2015,,http://www.sciencedirect.com/science/article/pii/S1877050915026459,64,1226 - 1231,http://dx.doi.org/10.1016/j.procs.2015.08.510,1877-0509,07/03/2016,,N,N,N,N,N,N,N,N,N,N,,null,N,N,N,N,N,null,null,null,null,N,N,N,N,N,N,null,null,null,N,N,N,N,N,N,N,N,N,N,N,N,N,N,N, 
811,6,DUPLICATED,UNCLASSIFIED,LOW,15,2007,Inbook,,,,,,07/03/2016,,N,N,N,N,N,N,N,N,N,N,,null,N,N,N,N,N,null,null,null,null,N,N,N,N,N,N,null,null,null,N,N,N,N,N,N,N,N,N,N,N,N,N,N,N, 
812,6,REJECTED,UNCLASSIFIED,LOW,5,2003,Inbook,,,,,,07/03/2016,,N,N,N,N,Y,N,N,N,N,N,,null,N,N,N,N,N,null,null,null,null,N,N,N,N,N,N,null,null,null,N,N,N,N,N,N,N,N,N,N,N,N,N,N,N, 
813,6,DUPLICATED,UNCLASSIFIED,LOW,5,2008,Inbook,,,,,,07/03/2016,,N,N,N,N,N,N,N,N,N,N,,null,N,N,N,N,N,null,null,null,null,N,N,N,N,N,N,null,null,null,N,N,N,N,N,N,N,N,N,N,N,N,N,N,N, 
814,6,REJECTED,UNCLASSIFIED,LOW,32,2010,Article,,,,,,07/03/2016,,N,Y,N,Y,N,N,N,N,N,N,,null,N,N,N,N,N,null,null,null,null,N,N,N,N,N,N,null,null,null,N,N,N,N,N,N,N,N,N,N,N,N,N,N,N, 
815,6,REJECTED,UNCLASSIFIED,LOW,15,2015,Article,,,,,,07/03/2016,,N,Y,N,Y,N,N,N,N,N,N,,null,N,N,N,N,N,null,null,null,null,N,N,N,N,N,N,null,null,null,N,N,N,N,N,N,N,N,N,N,N,N,N,N,N, 
816,6,REJECTED,UNCLASSIFIED,LOW,0,2014,Article,,,,,,07/03/2016,,N,N,N,N,Y,N,N,N,N,N,,null,N,N,N,N,N,null,null,null,null,N,N,N,N,N,N,null,null,null,N,N,N,N,N,N,N,N,N,N,N,N,N,N,N, 
817,6,ACCEPTED,DUPLICATED,LOW,17,2015,Article,,,,,,07/03/2016,,Y,Y,N,N,N,N,Y,N,N,N,,Sanchez2015acas,N,Y,N,N,N,null,null,null,null,Y,N,N,N,Y,N,null,null,null,Y,N,N,N,Y,N,N,N,N,Y,N,N,Y,N,N, 
818,6,REJECTED,UNCLASSIFIED,LOW,43,2011,Article,,,,,,07/03/2016,,N,Y,N,Y,N,N,N,N,N,N,,null,N,N,N,N,N,null,null,null,null,N,N,N,N,N,N,null,null,null,N,N,N,N,N,N,N,N,N,N,N,N,N,N,N, 
819,6,REJECTED,UNCLASSIFIED,LOW,26,2013,Article,,,,,,07/03/2016,,N,Y,N,Y,N,N,N,N,N,N,,null,N,N,N,N,N,null,null,null,null,N,N,N,N,N,N,null,null,null,N,N,N,N,N,N,N,N,N,N,N,N,N,N,N, 
1468,7,DUPLICATED,UNCLASSIFIED,LOW,5,2006,,,,117--128,,,07/03/2016,,N,N,N,N,N,N,N,N,N,N,,null,N,N,N,N,N,null,null,null,null,N,N,N,N,N,N,null,null,null,N,N,N,N,N,N,N,N,N,N,N,N,N,N,N, 
1469,7,DUPLICATED,UNCLASSIFIED,LOW,15,2006,,,,167--173,,,07/03/2016,,N,N,N,N,N,N,N,N,N,N,,null,N,N,N,N,N,null,null,null,null,N,N,N,N,N,N,null,null,null,N,N,N,N,N,N,N,N,N,N,N,N,N,N,N, 
1470,7,ACCEPTED,ACCEPTED,LOW,5,2001,,,,,,,07/03/2016,,Y,Y,N,N,N,N,N,N,N,N,,Latva2001,N,N,N,Y,N,6,null,null,Graph AoN (Activity-on-Node),N,Y,N,N,N,Y,null,6,"Found CNC_K, CNC_P, and S very good (from an intuitive perspective), RT and T were good, and CI poor from the same perspective",N,Y,N,N,N,Y,N,N,N,N,Y,N,N,N,N, 
1471,7,DUPLICATED,UNCLASSIFIED,LOW,5,2005,,,,,,,07/03/2016,,N,N,N,N,N,N,N,N,N,N,,null,N,N,N,N,N,null,null,null,null,N,N,N,N,N,N,null,null,null,N,N,N,N,N,N,N,N,N,N,N,N,N,N,N, 
1472,7,DUPLICATED,UNCLASSIFIED,LOW,15,2006,,,85,1--12,,,07/03/2016,,N,N,N,N,N,N,N,N,N,N,,null,N,N,N,N,N,null,null,null,null,N,N,N,N,N,N,null,null,null,N,N,N,N,N,N,N,N,N,N,N,N,N,N,N, 
1473,7,ACCEPTED,ACCEPTED,LOW,15,2007,,,,427--434,,,07/03/2016,,Y,Y,N,N,N,N,N,N,N,N,,Cardoso2007busi,N,N,Y,N,N,1,null,null,BPMN and claims generic,N,Y,N,N,Y,N,null,null,null,Y,N,N,N,Y,N,N,N,N,N,Y,N,N,Y,N, 
1474,7,REJECTED,UNCLASSIFIED,LOW,20,2008,,,,,,,07/03/2016,,Y,Y,N,N,N,N,N,N,N,N,,null,N,N,N,N,N,null,null,null,null,N,N,N,N,N,N,null,null,null,N,N,N,N,N,N,N,N,N,N,N,N,N,N,N, 
1475,7,ACCEPTED,ACCEPTED,LOW,10,2008,,,,480--494,,,07/03/2016,,Y,Y,N,N,N,N,N,N,N,N,,Vanderfeesten2008a,N,N,N,Y,N,1,null,null,"Generic (claim to capture the routing elements that can be expressed with standard process modeling languages such as EPCs, UML Activity Diagrams, Petri nets, BPMN, or YAWL)",N,Y,N,N,N,Y,73,20,"This analysis suggests is that CC on its own is slightly less powerful as an indicator for process model understandability than the two best candidate metrics available, but that it can deliver a superior explanation of the variation in understandability across models when combined with existing metrics",N,N,N,Y,N,N,Y,N,N,N,Y,N,N,N,N, 
1476,7,DUPLICATED,UNCLASSIFIED,LOW,5,2006,,,1,236--241,,,07/03/2016,,N,N,N,N,N,N,N,N,N,N,,null,N,N,N,N,N,null,null,null,null,N,N,N,N,N,N,null,null,null,N,N,N,N,N,N,N,N,N,N,N,N,N,N,N, 
1477,7,DUPLICATED,UNCLASSIFIED,LOW,10,2008,,,5,49,,,07/03/2016,,N,N,N,N,N,N,N,N,N,N,,null,N,N,N,N,N,null,null,null,null,N,N,N,N,N,N,null,null,null,N,N,N,N,N,N,N,N,N,N,N,N,N,N,N, 
1478,7,DUPLICATED,UNCLASSIFIED,LOW,10,2011,,,38,5388--5405,,,07/03/2016,,N,N,N,N,N,N,N,N,N,N,,null,N,N,N,N,N,null,null,null,null,N,N,N,N,N,N,null,null,null,N,N,N,N,N,N,N,N,N,N,N,N,N,N,N, 
1479,7,REJECTED,UNCLASSIFIED,LOW,5,2006,,,,,,,07/03/2016,,Y,Y,N,N,N,N,N,N,N,Y,,null,N,N,N,N,N,null,null,null,null,N,N,N,N,N,N,null,null,null,N,N,N,N,N,N,N,N,N,N,N,N,N,N,N, 
1480,7,ACCEPTED,ACCEPTED,LOW,10,2005,,,43,15863,,,07/03/2016,,Y,Y,N,N,N,N,N,N,N,N,,Cardoso2005cont,N,N,N,Y,N,2,null,null,generic workflow/process,N,Y,N,N,Y,N,null,null,null,N,Y,N,N,Y,N,N,N,N,N,Y,N,N,N,N, 
1481,7,DUPLICATED,UNCLASSIFIED,LOW,15,2010,,,9,1336--1344,,,07/03/2016,,N,N,N,N,N,N,N,N,N,N,,null,N,N,N,N,N,null,null,null,null,N,N,N,N,N,N,null,null,null,N,N,N,N,N,N,N,N,N,N,N,N,N,N,N, 
1482,7,DUPLICATED,UNCLASSIFIED,LOW,5,2011,,,29,718--727,,,07/03/2016,,N,N,N,N,N,N,N,N,N,N,,null,N,N,N,N,N,null,null,null,null,N,N,N,N,N,N,null,null,null,N,N,N,N,N,N,N,N,N,N,N,N,N,N,N, 
1483,7,DUPLICATED,UNCLASSIFIED,LOW,5,2007,,,12,35--49,,,07/03/2016,,N,N,N,N,N,N,N,N,N,N,,null,N,N,N,N,N,null,null,null,null,N,N,N,N,N,N,null,null,null,N,N,N,N,N,N,N,N,N,N,N,N,N,N,N, 
1484,7,DUPLICATED,UNCLASSIFIED,LOW,10,2000,,,48,1164--1170,,,07/03/2016,,N,N,N,N,N,N,N,N,N,N,,null,N,N,N,N,N,null,null,null,null,N,N,N,N,N,N,null,null,null,N,N,N,N,N,N,N,N,N,N,N,N,N,N,N, 
1485,7,ACCEPTED,DUPLICATED,LOW,10,2009,,,,58--70,,,07/03/2016,,Y,Y,N,N,N,N,N,N,N,N,,Rolon2009anal,N,Y,N,N,N,null,null,7,BPMN,N,N,Y,N,N,Y,224,15,null,N,N,N,Y,N,N,Y,N,N,N,Y,N,Y,N,N, 
1486,7,DUPLICATED,UNCLASSIFIED,LOW,5,2008,,,,208--215,,,07/03/2016,,N,N,N,N,N,N,N,N,N,N,,null,N,N,N,N,N,null,null,null,null,N,N,N,N,N,N,null,null,null,N,N,N,N,N,N,N,N,N,N,N,N,N,N,N, 
1487,7,ACCEPTED,ACCEPTED,LOW,10,2007,,,247,,,,07/03/2016,,N,Y,N,N,N,N,N,N,N,N,,Vanderfeesten2007a,N,N,Y,N,N,1,null,null,Generic and EPC,N,Y,N,N,Y,N,null,null,null,Y,N,N,N,Y,N,N,N,N,N,Y,N,N,N,N, 
1488,7,REJECTED,UNCLASSIFIED,LOW,15,2003,,,1,116--125,,,07/03/2016,,Y,Y,N,N,N,N,N,N,Y,N,,null,N,N,N,N,N,null,null,null,null,N,N,N,N,N,N,null,null,null,N,N,N,N,N,N,N,N,N,N,N,N,N,N,N, 
1489,7,DUPLICATED,UNCLASSIFIED,LOW,15,2009,,,51,610--626,,,07/03/2016,,N,N,N,N,N,N,N,N,N,N,,null,N,N,N,N,N,null,null,null,null,N,N,N,N,N,N,null,null,null,N,N,N,N,N,N,N,N,N,N,N,N,N,N,N, 
1490,7,DUPLICATED,UNCLASSIFIED,LOW,15,2007,,,,13--24,,,07/03/2016,,N,N,N,N,N,N,N,N,N,N,,null,N,N,N,N,N,null,null,null,null,N,N,N,N,N,N,null,null,null,N,N,N,N,N,N,N,N,N,N,N,N,N,N,N, 
1491,7,ACCEPTED,REJECTED,LOW,5,2005,,,,67--74,,,07/03/2016,,Y,Y,N,N,N,N,N,N,N,N,,Cardoso2005,N,N,Y,N,N,1,2,null,BPEL4WS,N,Y,N,N,N,Y,null,null,null,Y,N,N,N,Y,N,N,N,N,N,Y,N,N,N,Y, 
1492,7,DUPLICATED,UNCLASSIFIED,LOW,5,2011,,,,1445--1450,,,07/03/2016,,N,N,N,N,N,N,N,N,N,N,,null,N,N,N,N,N,null,null,null,null,N,N,N,N,N,N,null,null,null,N,N,N,N,N,N,N,N,N,N,N,N,N,N,N, 
1493,7,DUPLICATED,UNCLASSIFIED,LOW,10,2004,,,,136--144,,,07/03/2016,,N,N,N,N,N,N,N,N,N,N,,null,N,N,N,N,N,null,null,null,null,N,N,N,N,N,N,null,null,null,N,N,N,N,N,N,N,N,N,N,N,N,N,N,N, 
1494,7,DUPLICATED,UNCLASSIFIED,LOW,5,2006,,,,61--73,,,07/03/2016,,N,N,N,N,N,N,N,N,N,N,,null,N,N,N,N,N,null,null,null,null,N,N,N,N,N,N,null,null,null,N,N,N,N,N,N,N,N,N,N,N,N,N,N,N, 
1495,7,REJECTED,UNCLASSIFIED,LOW,5,1998,,,9,48--63,,,07/03/2016,,N,N,N,N,Y,N,N,N,N,N,,null,N,N,N,N,N,null,null,null,null,N,N,N,N,N,N,null,null,null,N,N,N,N,N,N,N,N,N,N,N,N,N,N,N, 
1496,7,REJECTED,UNCLASSIFIED,LOW,5,2006,,,,425--436,,,07/03/2016,,N,N,N,N,Y,N,N,N,N,N,,null,N,N,N,N,N,null,null,null,null,N,N,N,N,N,N,null,null,null,N,N,N,N,N,N,N,N,N,N,N,N,N,N,N, 
1497,7,DUPLICATED,UNCLASSIFIED,LOW,5,2011,,,,,,,07/03/2016,,N,N,N,N,N,N,N,N,N,N,,null,N,N,N,N,N,null,null,null,null,N,N,N,N,N,N,null,null,null,N,N,N,N,N,N,N,N,N,N,N,N,N,N,N, 
1498,7,REJECTED,UNCLASSIFIED,LOW,10,2012,,,4,261--270,,,07/03/2016,,N,N,N,Y,Y,N,N,N,N,N,,null,N,N,N,N,N,null,null,null,null,N,N,N,N,N,N,null,null,null,N,N,N,N,N,N,N,N,N,N,N,N,N,N,N, 
1499,7,REJECTED,UNCLASSIFIED,LOW,5,2011,,,7,255--265,,,07/03/2016,,N,Y,N,N,N,N,N,N,N,N,,null,N,N,N,N,N,null,null,null,null,N,N,N,N,N,N,null,null,null,N,N,N,N,N,N,N,N,N,N,N,N,N,N,N, 
1500,7,DUPLICATED,UNCLASSIFIED,LOW,5,2005,,,,218--221,,,07/03/2016,,N,N,N,N,N,N,N,N,N,N,,null,N,N,N,N,N,null,null,null,null,N,N,N,N,N,N,null,null,null,N,N,N,N,N,N,N,N,N,N,N,N,N,N,N, 
1501,7,DUPLICATED,UNCLASSIFIED,LOW,5,2012,,,54,1159--1174,,,07/03/2016,,N,N,N,N,N,N,N,N,N,N,,null,N,N,N,N,N,null,null,null,null,N,N,N,N,N,N,null,null,null,N,N,N,N,N,N,N,N,N,N,N,N,N,N,N, 
1502,7,REJECTED,UNCLASSIFIED,LOW,5,2011,,,,452--466,,,07/03/2016,,Y,Y,N,N,N,N,N,N,N,N,,null,N,N,N,N,N,null,null,null,null,N,N,N,N,N,N,null,null,null,N,N,N,N,N,N,N,N,N,N,N,N,N,N,N, 
1503,7,DUPLICATED,UNCLASSIFIED,LOW,15,2008,,,,753--758,,,07/03/2016,,N,N,N,N,N,N,N,N,N,N,,null,N,N,N,N,N,null,null,null,null,N,N,N,N,N,N,null,null,null,N,N,N,N,N,N,N,N,N,N,N,N,N,N,N, 
1504,7,REJECTED,UNCLASSIFIED,LOW,10,2014,,,50,7445--7469,,,07/03/2016,,N,N,N,N,Y,N,N,N,N,N,,null,N,N,N,N,N,null,null,null,null,N,N,N,N,N,N,null,null,null,N,N,N,N,N,N,N,N,N,N,N,N,N,N,N, 
1505,7,REJECTED,UNCLASSIFIED,LOW,5,2013,,,,49--64,,,07/03/2016,,N,Y,N,Y,Y,N,N,N,N,N,,null,N,N,N,N,N,null,null,null,null,N,N,N,N,N,N,null,null,null,N,N,N,N,N,N,N,N,N,N,N,N,N,N,N, 
1506,7,ACCEPTED,REJECTED,LOW,15,2008,,,,572--575,,,07/03/2016,,N,Y,Y,N,N,N,N,N,N,N,,Melcher2008visu,Y,N,N,N,N,null,null,33,EPC,Y,N,N,N,Y,N,null,515,null,Y,N,N,N,Y,N,N,N,N,Y,N,N,Y,N,N, 
1507,7,REJECTED,UNCLASSIFIED,LOW,5,2009,,,,339--345,,,07/03/2016,,N,Y,N,Y,N,N,N,N,N,N,,null,N,N,N,N,N,null,null,null,null,N,N,N,N,N,N,null,null,null,N,N,N,N,N,N,N,N,N,N,N,N,N,N,N, 
1508,7,REJECTED,UNCLASSIFIED,LOW,10,2010,,,,535--546,,,07/03/2016,,N,Y,N,Y,N,N,N,N,N,N,,null,N,N,N,N,N,null,null,null,null,N,N,N,N,N,N,null,null,null,N,N,N,N,N,N,N,N,N,N,N,N,N,N,N, 
1509,7,REJECTED,UNCLASSIFIED,LOW,5,2007,,,,303--324,,,07/03/2016,,N,N,N,N,Y,N,N,N,N,N,,null,N,N,N,N,N,null,null,null,null,N,N,N,N,N,N,null,null,null,N,N,N,N,N,N,N,N,N,N,N,N,N,N,N, 
1510,7,DUPLICATED,UNCLASSIFIED,LOW,5,2014,,,8,417--430,,,07/03/2016,,N,N,N,N,N,N,N,N,N,N,,null,N,N,N,N,N,null,null,null,null,N,N,N,N,N,N,null,null,null,N,N,N,N,N,N,N,N,N,N,N,N,N,N,N, 
1511,7,DUPLICATED,UNCLASSIFIED,LOW,10,2011,,,,,,,07/03/2016,,N,N,N,N,N,N,N,N,N,N,,null,N,N,N,N,N,null,null,null,null,N,N,N,N,N,N,null,null,null,N,N,N,N,N,N,N,N,N,N,N,N,N,N,N, 
1512,7,REJECTED,UNCLASSIFIED,LOW,5,2002,,,33,449--462,,,07/03/2016,,N,N,N,N,Y,N,N,N,N,N,,null,N,N,N,N,N,null,null,null,null,N,N,N,N,N,N,null,null,null,N,N,N,N,N,N,N,N,N,N,N,N,N,N,N, 
1513,7,REJECTED,UNCLASSIFIED,LOW,5,2009,,,9,021005,,,07/03/2016,,N,N,N,N,Y,N,N,N,N,N,,null,N,N,N,N,N,null,null,null,null,N,N,N,N,N,N,null,null,null,N,N,N,N,N,N,N,N,N,N,N,N,N,N,N, 
1514,7,DUPLICATED,UNCLASSIFIED,LOW,5,2010,,,,712--716,,,07/03/2016,,N,N,N,N,N,N,N,N,N,N,,null,N,N,N,N,N,null,null,null,null,N,N,N,N,N,N,null,null,null,N,N,N,N,N,N,N,N,N,N,N,N,N,N,N, 
1515,7,REJECTED,UNCLASSIFIED,LOW,5,2002,,,22,394--411,,,07/03/2016,,N,N,N,Y,N,N,N,N,N,N,,null,N,N,N,N,N,null,null,null,null,N,N,N,N,N,N,null,null,null,N,N,N,N,N,N,N,N,N,N,N,N,N,N,N, 
1516,7,DUPLICATED,UNCLASSIFIED,LOW,5,2009,,,,31--36,,,07/03/2016,,N,N,N,N,N,N,N,N,N,N,,null,N,N,N,N,N,null,null,null,null,N,N,N,N,N,N,null,null,null,N,N,N,N,N,N,N,N,N,N,N,N,N,N,N, 
1517,7,REJECTED,UNCLASSIFIED,LOW,5,2001,,,,,,,07/03/2016,,N,N,N,Y,N,N,N,N,N,N,,null,N,N,N,N,N,null,null,null,null,N,N,N,N,N,N,null,null,null,N,N,N,N,N,N,N,N,N,N,N,N,N,N,N, 
1518,7,REJECTED,UNCLASSIFIED,LOW,5,2012,,,46,454--463,,,07/03/2016,,N,N,N,N,Y,N,N,N,N,N,,null,N,N,N,N,N,null,null,null,null,N,N,N,N,N,N,null,null,null,N,N,N,N,N,N,N,N,N,N,N,N,N,N,N, 
1519,7,DUPLICATED,UNCLASSIFIED,LOW,10,2012,,,,919--922,,,07/03/2016,,Y,Y,N,N,N,N,N,N,N,N,,null,N,N,N,N,N,null,null,null,null,N,N,N,N,N,N,null,null,null,N,N,N,N,N,N,N,N,N,N,N,N,N,N,N, 
1520,7,REJECTED,UNCLASSIFIED,LOW,5,2012,,,18,2348--2353,,,07/03/2016,,N,Y,N,N,N,N,N,Y,N,N,,null,N,N,N,N,N,null,null,null,null,N,N,N,N,N,N,null,null,null,N,N,N,N,N,N,N,N,N,N,N,N,N,N,N, 
1521,7,REJECTED,UNCLASSIFIED,LOW,5,1996,,,,581--586,,,07/03/2016,,N,N,N,N,Y,N,N,N,N,N,,null,N,N,N,N,N,null,null,null,null,N,N,N,N,N,N,null,null,null,N,N,N,N,N,N,N,N,N,N,N,N,N,N,N, 
1522,7,DUPLICATED,UNCLASSIFIED,LOW,15,2010,,,9,1317--1326,,,07/03/2016,,N,N,N,N,N,N,N,N,N,N,,null,N,N,N,N,N,null,null,null,null,N,N,N,N,N,N,null,null,null,N,N,N,N,N,N,N,N,N,N,N,N,N,N,N, 
1523,7,DUPLICATED,UNCLASSIFIED,LOW,10,2006,,,1,1--6,,,07/03/2016,,N,N,N,N,N,N,N,N,N,N,,null,N,N,N,N,N,null,null,null,null,N,N,N,N,N,N,null,null,null,N,N,N,N,N,N,N,N,N,N,N,N,N,N,N, 
1524,7,REJECTED,UNCLASSIFIED,LOW,5,2013,,,16,4,,,07/03/2016,,N,Y,N,Y,N,N,N,N,N,N,,null,N,N,N,N,N,null,null,null,null,N,N,N,N,N,N,null,null,null,N,N,N,N,N,N,N,N,N,N,N,N,N,N,N, 
1525,7,REJECTED,UNCLASSIFIED,LOW,5,2010,,,,,,,07/03/2016,,N,N,N,N,Y,N,N,N,N,N,,null,N,N,N,N,N,null,null,null,null,N,N,N,N,N,N,null,null,null,N,N,N,N,N,N,N,N,N,N,N,N,N,N,N, 
1526,7,REJECTED,UNCLASSIFIED,LOW,10,2010,,,35,1,,,07/03/2016,,N,N,N,N,Y,N,N,N,N,N,,null,N,N,N,N,N,null,null,null,null,N,N,N,N,N,N,null,null,null,N,N,N,N,N,N,N,N,N,N,N,N,N,N,N, 
1527,7,REJECTED,UNCLASSIFIED,LOW,5,2010,,,19,263--27,,,07/03/2016,,N,N,N,N,Y,N,N,N,N,N,,null,N,N,N,N,N,null,null,null,null,N,N,N,N,N,N,null,null,null,N,N,N,N,N,N,N,N,N,N,N,N,N,N,N, 
1528,7,REJECTED,UNCLASSIFIED,LOW,15,2010,,,,7--12,,,07/03/2016,,N,Y,N,N,Y,N,N,N,N,N,,null,N,N,N,N,N,null,null,null,null,N,N,N,N,N,N,null,null,null,N,N,N,N,N,N,N,N,N,N,N,N,N,N,N, 
1529,7,ACCEPTED,ACCEPTED,LOW,5,1999,,,9,141--165,,,07/03/2016,,Y,Y,N,N,N,N,N,N,N,N,,Sobrinho1999comp,Y,N,N,N,N,3,null,null,Visual Process Modeling Language (VPML),Y,N,N,N,Y,N,null,null,null,Y,N,N,N,Y,N,N,N,N,Y,N,N,N,Y,N, 
1530,7,DUPLICATED,UNCLASSIFIED,LOW,15,2013,,,,31--37,,,07/03/2016,,N,N,N,N,N,N,N,N,N,N,,null,N,N,N,N,N,null,null,null,null,N,N,N,N,N,N,null,null,null,N,N,N,N,N,N,N,N,N,N,N,N,N,N,N, 
1531,7,REJECTED,UNCLASSIFIED,LOW,10,2011,,,,,,,07/03/2016,,N,Y,N,Y,N,N,N,N,N,N,,null,N,N,N,N,N,null,null,null,null,N,N,N,N,N,N,null,null,null,N,N,N,N,N,N,N,N,N,N,N,N,N,N,N, 
1532,7,REJECTED,UNCLASSIFIED,LOW,5,2008,,,28,278--282,,,07/03/2016,,N,Y,N,N,N,N,N,Y,N,N,,null,N,N,N,N,N,null,null,null,null,N,N,N,N,N,N,null,null,null,N,N,N,N,N,N,N,N,N,N,N,N,N,N,N, 
1533,7,REJECTED,UNCLASSIFIED,LOW,10,2010,,,52,5--15,,,07/03/2016,,N,N,N,N,Y,N,N,N,N,N,,null,N,N,N,N,N,null,null,null,null,N,N,N,N,N,N,null,null,null,N,N,N,N,N,N,N,N,N,N,N,N,N,N,N, 
1534,7,DUPLICATED,UNCLASSIFIED,LOW,5,2010,,,,193--196,,,07/03/2016,,N,N,N,N,N,N,N,N,N,N,,null,N,N,N,N,N,null,null,null,null,N,N,N,N,N,N,null,null,null,N,N,N,N,N,N,N,N,N,N,N,N,N,N,N, 
1535,7,DUPLICATED,UNCLASSIFIED,LOW,10,2009,,,,1--8,,,07/03/2016,,N,N,N,N,N,N,N,N,N,N,,null,N,N,N,N,N,null,null,null,null,N,N,N,N,N,N,null,null,null,N,N,N,N,N,N,N,N,N,N,N,N,N,N,N, 
1536,7,DUPLICATED,UNCLASSIFIED,LOW,5,2008,,,,1683,,,07/03/2016,,N,N,N,N,N,N,N,N,N,N,,null,N,N,N,N,N,null,null,null,null,N,N,N,N,N,N,null,null,null,N,N,N,N,N,N,N,N,N,N,N,N,N,N,N, 
1537,7,REJECTED,UNCLASSIFIED,LOW,5,2014,,,14,1,,,07/03/2016,,N,N,N,N,Y,N,N,N,N,N,,null,N,N,N,N,N,null,null,null,null,N,N,N,N,N,N,null,null,null,N,N,N,N,N,N,N,N,N,N,N,N,N,N,N, 
1538,7,REJECTED,UNCLASSIFIED,LOW,5,2009,,,,15--19,,,07/03/2016,,N,N,N,N,Y,N,N,N,N,N,,null,N,N,N,N,N,null,null,null,null,N,N,N,N,N,N,null,null,null,N,N,N,N,N,N,N,N,N,N,N,N,N,N,N, 
1539,7,DUPLICATED,UNCLASSIFIED,LOW,10,2011,,,,209--214,,,07/03/2016,,N,N,N,N,N,N,N,N,N,N,,null,N,N,N,N,N,null,null,null,null,N,N,N,N,N,N,null,null,null,N,N,N,N,N,N,N,N,N,N,N,N,N,N,N, 
1540,7,DUPLICATED,UNCLASSIFIED,LOW,5,2013,,,,49,,,07/03/2016,,N,N,N,N,N,N,N,N,N,N,,null,N,N,N,N,N,null,null,null,null,N,N,N,N,N,N,null,null,null,N,N,N,N,N,N,N,N,N,N,N,N,N,N,N, 
1541,7,DUPLICATED,UNCLASSIFIED,LOW,15,2014,,,,89--107,,,07/03/2016,,N,N,N,N,N,N,N,N,N,N,,null,N,N,N,N,N,null,null,null,null,N,N,N,N,N,N,null,null,null,N,N,N,N,N,N,N,N,N,N,N,N,N,N,N, 
1542,7,ACCEPTED,DUPLICATED,LOW,5,2009,,,18,1--10,,,07/03/2016,,Y,Y,N,N,N,N,N,N,N,N,,Borgert2009onqu,N,N,N,Y,N,null,null,4,null,N,N,Y,N,N,Y,null,125,null,N,N,N,Y,N,Y,N,N,N,N,Y,N,Y,N,N, 
1543,7,REJECTED,UNCLASSIFIED,LOW,10,2013,,,22,726--738,,,07/03/2016,,N,N,N,N,Y,N,N,N,N,N,,null,N,N,N,N,N,null,null,null,null,N,N,N,N,N,N,null,null,null,N,N,N,N,N,N,N,N,N,N,N,N,N,N,N, 
1544,7,ACCEPTED,ACCEPTED,LOW,5,2008,Phd Thesis,,,,,,07/03/2016,,Y,Y,N,N,N,N,N,N,N,N,,Cheng2008comp,N,N,N,Y,N,4,null,null,GOMS,N,Y,N,N,N,Y,null,null,null,N,N,Y,N,N,N,N,N,Y,N,N,Y,Y,N,N, 
1545,7,DUPLICATED,UNCLASSIFIED,LOW,5,2009,,,,,,,07/03/2016,,N,N,N,N,N,N,N,N,N,N,,null,N,N,N,N,N,null,null,null,null,N,N,N,N,N,N,null,null,null,N,N,N,N,N,N,N,N,N,N,N,N,N,N,N, 
1546,7,ACCEPTED,ACCEPTED,LOW,15,2014,,,,,,,07/03/2016,,Y,Y,N,N,N,N,N,N,N,N,,Huan2014stud,N,N,N,Y,N,1,null,null,"BPEL, UML activity diagram, YAWL, and EPML",Y,N,N,N,Y,N,null,null,null,N,N,N,Y,N,Y,N,N,N,N,Y,N,N,Y,N, 
1547,7,REJECTED,UNCLASSIFIED,LOW,5,2011,,,,,,,07/03/2016,,N,N,N,N,Y,N,N,N,N,N,,null,N,N,N,N,N,null,null,null,null,N,N,N,N,N,N,null,null,null,N,N,N,N,N,N,N,N,N,N,N,N,N,N,N, 
1548,7,REJECTED,UNCLASSIFIED,LOW,5,2013,,,12,035,,,07/03/2016,,N,Y,N,Y,N,N,N,N,N,N,,null,N,N,N,N,N,null,null,null,null,N,N,N,N,N,N,null,null,null,N,N,N,N,N,N,N,N,N,N,N,N,N,N,N, 
1549,7,REJECTED,UNCLASSIFIED,LOW,5,2008,,,,,,,07/03/2016,,N,N,N,N,Y,N,N,N,N,N,,null,N,N,N,N,N,null,null,null,null,N,N,N,N,N,N,null,null,null,N,N,N,N,N,N,N,N,N,N,N,N,N,N,N, 
1550,7,DUPLICATED,UNCLASSIFIED,LOW,5,2011,,,15,95--115,,,07/03/2016,,N,N,N,N,N,N,N,N,N,N,,null,N,N,N,N,N,null,null,null,null,N,N,N,N,N,N,null,null,null,N,N,N,N,N,N,N,N,N,N,N,N,N,N,N, 
1551,7,REJECTED,UNCLASSIFIED,LOW,10,2004,,,,,,,07/03/2016,,N,N,N,N,Y,N,N,N,N,N,,null,N,N,N,N,N,null,null,null,null,N,N,N,N,N,N,null,null,null,N,N,N,N,N,N,N,N,N,N,N,N,N,N,N, 
1552,7,REJECTED,UNCLASSIFIED,LOW,5,2014,,,,,,,07/03/2016,,N,N,N,N,Y,N,N,N,N,N,,null,N,N,N,N,N,null,null,null,null,N,N,N,N,N,N,null,null,null,N,N,N,N,N,N,N,N,N,N,N,N,N,N,N, 
1553,7,REJECTED,UNCLASSIFIED,LOW,10,1996,,,,,,,07/03/2016,,N,N,N,N,Y,N,N,N,N,N,,null,N,N,N,N,N,null,null,null,null,N,N,N,N,N,N,null,null,null,N,N,N,N,N,N,N,N,N,N,N,N,N,N,N, 
1554,7,DUPLICATED,UNCLASSIFIED,LOW,5,2006,,,,255--258,,,07/03/2016,,N,N,N,N,N,N,N,N,N,N,,null,N,N,N,N,N,null,null,null,null,N,N,N,N,N,N,null,null,null,N,N,N,N,N,N,N,N,N,N,N,N,N,N,N, 
1555,7,REJECTED,UNCLASSIFIED,LOW,5,2014,,,,,,,07/03/2016,,N,N,N,N,Y,N,N,N,N,N,,null,N,N,N,N,N,null,null,null,null,N,N,N,N,N,N,null,null,null,N,N,N,N,N,N,N,N,N,N,N,N,N,N,N, 
1556,7,REJECTED,UNCLASSIFIED,LOW,10,2011,,,,76--79,,,07/03/2016,,N,N,N,N,Y,N,N,N,N,N,,null,N,N,N,N,N,null,null,null,null,N,N,N,N,N,N,null,null,null,N,N,N,N,N,N,N,N,N,N,N,N,N,N,N, 
1557,7,DUPLICATED,UNCLASSIFIED,LOW,5,2005,,,,1--8,,,07/03/2016,,N,N,N,N,N,N,N,N,N,N,,null,N,N,N,N,N,null,null,null,null,N,N,N,N,N,N,null,null,null,N,N,N,N,N,N,N,N,N,N,N,N,N,N,N, 
1558,7,REJECTED,UNCLASSIFIED,LOW,5,2009,,,,,,,07/03/2016,,N,Y,N,Y,N,N,N,N,N,N,,null,N,N,N,N,N,null,null,null,null,N,N,N,N,N,N,null,null,null,N,N,N,N,N,N,N,N,N,N,N,N,N,N,N, 
1559,7,REJECTED,UNCLASSIFIED,LOW,5,2013,,,,39--55,,,07/03/2016,,N,Y,N,N,N,N,N,N,N,N,,null,N,N,N,N,N,null,null,null,null,N,N,N,N,N,N,null,null,null,N,N,N,N,N,N,N,N,N,N,N,N,N,N,N, 
1560,7,REJECTED,UNCLASSIFIED,LOW,10,2015,,,,429--435,,,07/03/2016,,N,Y,N,Y,N,N,N,N,N,N,,null,N,N,N,N,N,null,null,null,null,N,N,N,N,N,N,null,null,null,N,N,N,N,N,N,N,N,N,N,N,N,N,N,N, 
1561,7,REJECTED,UNCLASSIFIED,LOW,5,2004,,,,,,,07/03/2016,,N,Y,N,N,N,Y,N,N,N,N,,null,N,N,N,N,N,null,null,null,null,N,N,N,N,N,N,null,null,null,N,N,N,N,N,N,N,N,N,N,N,N,N,N,N, 
1562,7,REJECTED,UNCLASSIFIED,LOW,5,2012,,,,63,,,07/03/2016,,N,Y,N,Y,N,N,N,N,N,N,,null,N,N,N,N,N,null,null,null,null,N,N,N,N,N,N,null,null,null,N,N,N,N,N,N,N,N,N,N,N,N,N,N,N, 
1563,7,ACCEPTED,ACCEPTED,LOW,5,2015,,,,649--659,,,07/03/2016,,Y,Y,N,N,N,N,N,N,N,N,,Kluza2015meas,N,N,N,N,Y,1,null,20,BPMN,Y,N,N,N,Y,N,null,null,null,Y,N,N,N,Y,N,N,N,N,Y,N,N,Y,N,N, 
1564,7,REJECTED,UNCLASSIFIED,LOW,5,2013,thesis,,,,,,07/03/2016,,N,Y,N,Y,N,N,N,N,N,N,,null,N,N,N,N,N,null,null,null,null,N,N,N,N,N,N,null,null,null,N,N,N,N,N,N,N,N,N,N,N,N,N,N,N, 
1565,7,REJECTED,UNCLASSIFIED,LOW,5,2013,,,20,1057--1062,,,07/03/2016,,N,N,N,N,Y,N,N,N,N,N,,null,N,N,N,N,N,null,null,null,null,N,N,N,N,N,N,null,null,null,N,N,N,N,N,N,N,N,N,N,N,N,N,N,N, 
1566,7,REJECTED,UNCLASSIFIED,LOW,5,2016,,,,,,,07/03/2016,,N,N,N,N,Y,N,N,N,N,N,,null,N,N,N,N,N,null,null,null,null,N,N,N,N,N,N,null,null,null,N,N,N,N,N,N,N,N,N,N,N,N,N,N,N, 
1567,7,REJECTED,UNCLASSIFIED,LOW,10,2014,,,,,,,07/03/2016,,N,N,N,N,Y,N,N,N,N,N,,null,N,N,N,N,N,null,null,null,null,N,N,N,N,N,N,null,null,null,N,N,N,N,N,N,N,N,N,N,N,N,N,N,N, 
1568,7,ACCEPTED,ACCEPTED,LOW,5,2009,InProceedings,,,,,,07/03/2016,,Y,Y,N,N,N,N,N,N,N,N,,Borgert2009acom,N,N,Y,N,N,3,null,1,process graph,N,Y,N,Y,N,Y,null,6,null,N,Y,N,N,N,Y,N,N,N,N,Y,N,Y,N,N, 
1569,7,REJECTED,UNCLASSIFIED,LOW,5,2013,,,14,22--38,,,07/03/2016,,N,N,N,N,Y,N,N,N,N,N,,null,N,N,N,N,N,null,null,null,null,N,N,N,N,N,N,null,null,null,N,N,N,N,N,N,N,N,N,N,N,N,N,N,N, 
1570,7,DUPLICATED,UNCLASSIFIED,LOW,15,2016,,,,4424--4433,,,07/03/2016,,N,N,N,N,N,N,N,N,N,N,,null,N,N,N,N,N,null,null,null,null,N,N,N,N,N,N,null,null,null,N,N,N,N,N,N,N,N,N,N,N,N,N,N,N, 
1571,7,ACCEPTED,DUPLICATED,LOW,5,2011,,,,,,,07/03/2016,,Y,Y,N,N,N,N,N,N,N,N,,Maesalu2011comp,Y,N,N,N,N,null,null,8,EPC (converted UML AD and BPMN to EPC),Y,N,N,N,Y,N,null,735,null,Y,N,N,N,Y,N,N,N,N,Y,N,N,Y,N,N, 
1572,7,REJECTED,UNCLASSIFIED,LOW,5,2004,,,,,,,07/03/2016,,N,N,N,N,Y,N,N,N,N,N,,null,N,N,N,N,N,null,null,null,null,N,N,N,N,N,N,null,null,null,N,N,N,N,N,N,N,N,N,N,N,N,N,N,N, 
1573,7,REJECTED,UNCLASSIFIED,LOW,10,2014,,,,,,,07/03/2016,,N,Y,N,Y,N,N,N,N,N,N,,null,N,N,N,N,N,null,null,null,null,N,N,N,N,N,N,null,null,null,N,N,N,N,N,N,N,N,N,N,N,N,N,N,N, 
1574,7,REJECTED,UNCLASSIFIED,LOW,5,,,,,,,,07/03/2016,,N,N,N,N,Y,N,N,N,N,N,,null,N,N,N,N,N,null,null,null,null,N,N,N,N,N,N,null,null,null,N,N,N,N,N,N,N,N,N,N,N,N,N,N,N, 
1575,7,REJECTED,UNCLASSIFIED,LOW,5,,,,,,,,07/03/2016,,N,N,N,N,Y,N,N,N,N,N,,null,N,N,N,N,N,null,null,null,null,N,N,N,N,N,N,null,null,null,N,N,N,N,N,N,N,N,N,N,N,N,N,N,N, 
1576,7,REJECTED,UNCLASSIFIED,LOW,5,2007,,,,,,,07/03/2016,,N,Y,N,Y,N,N,N,N,N,N,,null,N,N,N,N,N,null,null,null,null,N,N,N,N,N,N,null,null,null,N,N,N,N,N,N,N,N,N,N,N,N,N,N,N, 
1577,7,ACCEPTED,REJECTED,LOW,5,2008,thesis,,,,,,07/03/2016,,N,Y,Y,N,N,N,N,N,N,N,,Boote2008unde,Y,N,N,N,N,null,null,null,null,Y,N,N,N,Y,N,null,null,null,Y,N,N,N,Y,N,N,N,N,Y,N,N,Y,N,N, 
1578,7,REJECTED,UNCLASSIFIED,LOW,5,,,,,,,,07/03/2016,,N,N,N,N,Y,N,N,N,N,N,,null,N,N,N,N,N,null,null,null,null,N,N,N,N,N,N,null,null,null,N,N,N,N,N,N,N,N,N,N,N,N,N,N,N, 
1579,7,REJECTED,UNCLASSIFIED,LOW,5,,,,,,,,07/03/2016,,N,N,N,Y,N,N,N,N,N,N,,null,N,N,N,N,N,null,null,null,null,N,N,N,N,N,N,null,null,null,N,N,N,N,N,N,N,N,N,N,N,N,N,N,N, 
1580,7,REJECTED,UNCLASSIFIED,LOW,10,2015,,,,,,,07/03/2016,,N,N,N,N,Y,N,N,N,N,N,,null,N,N,N,N,N,null,null,null,null,N,N,N,N,N,N,null,null,null,N,N,N,N,N,N,N,N,N,N,N,N,N,N,N, 
1581,7,REJECTED,UNCLASSIFIED,LOW,20,2011,,,,,,,07/03/2016,,N,Y,N,N,N,Y,N,N,N,N,,null,N,N,N,N,N,null,null,null,null,N,N,N,N,N,N,null,null,null,N,N,N,N,N,N,N,N,N,N,N,N,N,N,N, 
1582,7,REJECTED,UNCLASSIFIED,LOW,5,2010,,,,,,,07/03/2016,,N,N,N,N,Y,N,N,N,N,N,,null,N,N,N,N,N,null,null,null,null,N,N,N,N,N,N,null,null,null,N,N,N,N,N,N,N,N,N,N,N,N,N,N,N, 
1583,7,REJECTED,UNCLASSIFIED,LOW,5,2004,,,,,,,07/03/2016,,N,Y,N,N,N,Y,N,N,N,N,,null,N,N,N,N,N,null,null,null,null,N,N,N,N,N,N,null,null,null,N,N,N,N,N,N,N,N,N,N,N,N,N,N,N, 
1584,-1,ACCEPTED,ACCEPTED,LOW,0,2006,misc,,,,,,07/03/2016,,Y,Y,N,N,N,N,N,N,N,N,,Mendling2006a,N,N,N,Y,N,15,null,null,EPC trnaslated to YAWL,N,Y,N,N,N,Y,null,600,null,N,Y,N,N,N,Y,N,N,N,N,Y,N,Y,N,N, 
1585,-1,ACCEPTED,ACCEPTED,LOW,15,2014,thesis,,,,,,07/03/2016,,Y,Y,N,N,N,N,N,N,N,N,,Coskun2014phd,N,N,N,Y,N,1,null,10,BPMN,N,Y,N,Y,N,Y,null,12,null,N,N,Y,N,N,Y,N,N,N,N,Y,N,N,N,N, 
1586,-1,ACCEPTED,ACCEPTED,LOW,15,2004,inbook,,,,,,07/03/2016,,Y,Y,N,N,N,N,N,N,N,N,,Reijers2004,N,N,Y,N,N,3,null,3 from \cite{Reijers2003a},generic workflow,N,Y,N,Y,N,Y,null,null,null,Y,N,N,N,Y,N,N,N,N,N,Y,N,Y,N,N, 
1587,-1,ACCEPTED,ACCEPTED,LOW,5,2007,phdthesis,,,,,,07/03/2016,,Y,Y,N,N,N,N,N,N,N,N,,Mendling2007,N,N,N,Y,N,29,null,null,EPC,N,Y,N,N,Y,N,null,2003 (604 SAP + 381 Service model + 935 Finance model + 83 consulting model,null,N,N,Y,N,N,Y,N,N,N,N,Y,N,N,N,N, 
1588,-1,ACCEPTED,ACCEPTED,LOW,10,2006,inproceedings,,,,,,07/03/2016,,Y,Y,N,N,N,N,N,N,N,N,,Mendling2006,N,N,N,Y,N,3,null,null,"EPC, YWAL, Workflow-nets",N,Y,N,N,N,Y,null,604,null,N,Y,N,N,N,Y,N,N,N,N,Y,N,N,N,N, 
5573,-1,ACCEPTED,DUPLICATED,LOW,10,2008,book,,,,,,07/10/2016,,Y,Y,N,N,N,N,N,N,N,N,,Mendling2008,N,N,N,Y,N,null,null,29,EPC,N,N,Y,N,Y,N,null,2003 (604 SAP + 381 Service model + 935 Finance model + 83 consulting model),null,N,N,Y,N,N,Y,N,N,N,N,Y,N,Y,N,N, 
19518,-1,ACCEPTED,ACCEPTED,LOW,0,2005,,,,,,,09/06/2016,,Y,Y,N,N,N,N,N,N,N,N,,"Rolon2005,Rolon2006",N,N,Y,N,N,57,null,null,BPMN and SPEM,N,Y,N,N,N,Y,null,null,null,Y,N,N,N,Y,N,N,N,N,N,Y,N,N,N,N, 
26492,-1,ACCEPTED,ACCEPTED,LOW,10,2010,Article,,,,,,09/25/2016,,Y,Y,N,N,N,N,N,N,N,N,,Mao2010cont,N,N,Y,N,N,1,null,8,Petri-nets,N,Y,N,Y,N,Y,null,2,null,N,N,N,Y,N,Y,N,N,N,N,Y,N,N,Y,N, 
31473,-1,ACCEPTED,DUPLICATED,LOW,10,2006,,,,,,,10/04/2016,,Y,Y,N,N,N,N,N,N,N,N,,Rolon2006appl,Y,N,N,N,N,null,null,null,null,Y,N,N,N,Y,N,null,null,null,Y,N,N,N,Y,N,N,N,N,Y,N,N,Y,N,N, 
31474,-1,REJECTED,UNCLASSIFIED,LOW,5,2008,,,,,,,10/04/2016,,N,N,N,Y,N,N,N,N,N,N,,null,N,N,N,N,N,null,null,null,null,N,N,N,N,N,N,null,null,null,N,N,N,N,N,N,N,N,N,N,N,N,N,N,N, 
31475,-1,ACCEPTED,ACCEPTED,LOW,15,2008,,,,,,,10/04/2016,,N,Y,N,N,N,N,N,N,N,N,,Vanderfeesten2008eval,Y,N,N,N,N,3,null,3,null,Y,N,N,N,Y,N,null,null,null,Y,N,N,N,Y,N,N,N,N,Y,N,N,N,N,Y, 
31477,-1,ACCEPTED,DUPLICATED,LOW,10,2005,,,,,,,10/04/2016,,Y,Y,N,N,N,N,N,N,N,N,,Cardoso2005a,N,N,Y,N,N,null,null,null,null,Y,N,N,N,Y,N,null,null,null,Y,N,N,N,Y,N,N,N,N,Y,N,N,Y,N,N, 
31478,-1,REJECTED,ACCEPTED,LOW,5,2010,thesis,,,,,,10/04/2016,,Y,Y,N,N,N,N,N,Y,N,N,,Porciuncula2010gove,N,N,N,N,Y,2,null,4,null,Y,N,N,N,Y,N,null,null,null,Y,N,N,N,Y,N,N,N,N,Y,N,N,Y,N,N, 
31480,-1,REJECTED,UNCLASSIFIED,LOW,10,2008,,,,,,,10/04/2016,,N,Y,N,Y,N,N,N,N,N,N,,null,N,N,N,N,N,null,null,null,null,N,N,N,N,N,N,null,null,null,N,N,N,N,N,N,N,N,N,N,N,N,N,N,N, 
31481,-1,REJECTED,UNCLASSIFIED,LOW,5,2000,,,,,,,10/04/2016,,N,Y,N,Y,N,N,N,N,N,N,,null,N,N,N,N,N,null,null,null,null,N,N,N,N,N,N,null,null,null,N,N,N,N,N,N,N,N,N,N,N,N,N,N,N, 
31482,-1,REJECTED,UNCLASSIFIED,LOW,10,2007,,,,,,,10/04/2016,,N,N,N,N,Y,N,N,N,N,N,,null,N,N,N,N,N,null,null,null,null,N,N,N,N,N,N,null,null,null,N,N,N,N,N,N,N,N,N,N,N,N,N,N,N, 
31483,-1,ACCEPTED,DUPLICATED,LOW,10,2010,,,,,,,10/04/2016,,Y,Y,N,N,N,N,N,N,N,N,,Sanchez2010pred,N,Y,N,N,N,null,null,13,BPMN,Y,N,N,N,Y,N,null,null,null,Y,N,N,N,Y,N,N,N,N,Y,N,N,Y,N,N, 
31484,-1,REJECTED,UNCLASSIFIED,LOW,5,2011,,,,,,,10/04/2016,,N,Y,N,Y,N,N,N,N,N,N,,null,N,N,N,N,N,null,null,null,null,N,N,N,N,N,N,null,null,null,N,N,N,N,N,N,N,N,N,N,N,N,N,N,N, 
31485,-1,ACCEPTED,ACCEPTED,LOW,5,2011,,,,,,,10/04/2016,,Y,Y,N,N,N,N,N,N,N,N,,Antonini2011soft,Y,N,N,N,N,null,null,null,BPMN,Y,N,N,N,Y,N,null,null,null,Y,N,N,N,Y,N,N,N,N,Y,N,N,Y,N,N, 
31486,-1,ACCEPTED,ACCEPTED,LOW,5,2009,,,,,,,10/04/2016,,Y,Y,N,N,N,N,N,N,N,N,,Held2009stru,Y,N,N,N,N,null,null,null,null,Y,N,N,N,Y,N,null,null,null,Y,N,N,N,Y,N,N,N,N,Y,N,N,Y,N,N, 
31488,-1,REJECTED,UNCLASSIFIED,LOW,5,2008,,,,,,,10/04/2016,,N,Y,N,N,N,N,N,N,N,N,,Jung2008,Y,N,N,N,N,null,null,null,null,Y,N,N,N,Y,N,null,null,null,Y,N,N,N,Y,N,N,N,N,Y,N,N,Y,N,N, 
31489,-1,ACCEPTED,DUPLICATED,LOW,5,2007,,,,,,,10/04/2016,,Y,Y,N,N,N,N,Y,N,N,N,,Mendling2007d,Y,N,N,N,N,null,null,null,null,Y,N,N,N,Y,N,null,null,null,Y,N,N,N,Y,N,N,N,N,Y,N,N,Y,N,N, 
31490,-1,REJECTED,UNCLASSIFIED,LOW,5,2006,,,,,,,10/04/2016,,N,Y,N,Y,N,N,N,N,N,N,,null,N,N,N,N,N,null,null,null,null,N,N,N,N,N,N,null,null,null,N,N,N,N,N,N,N,N,N,N,N,N,N,N,N, 
31491,-1,ACCEPTED,DUPLICATED,LOW,5,2007,,,,,,,10/04/2016,,Y,Y,N,N,N,N,N,N,N,N,,Rolon2007anex,N,Y,N,N,N,null,null,38,BPMN,Y,N,N,N,Y,N,null,null,null,Y,N,N,N,Y,N,N,N,N,Y,N,N,Y,N,N, 
31492,-1,ACCEPTED,DUPLICATED,LOW,5,2008,,,,,,,10/04/2016,,Y,Y,N,N,N,N,N,N,N,N,,Rolon2008,N,Y,N,N,N,null,null,null,BPMN,Y,N,N,N,Y,N,null,null,null,Y,N,N,N,Y,N,N,N,N,Y,N,N,Y,N,N, 
31493,-1,REJECTED,UNCLASSIFIED,LOW,10,2007,,,,,,,10/04/2016,,N,Y,N,Y,N,N,N,N,N,N,,null,N,N,N,N,N,null,null,null,null,N,N,N,N,N,N,null,null,null,N,N,N,N,N,N,N,N,N,N,N,N,N,N,N, 
32490,-1,ACCEPTED,ACCEPTED,LOW,5,1996,Report,,,,,,11/24/2016,,Y,Y,N,N,N,N,N,N,N,N,,aneva1996benc,N,N,Y,N,N,3,null,null,EPC,N,Y,N,N,N,Y,null,11,null,N,Y,N,N,N,Y,N,N,N,Y,N,N,N,Y,N, 
38467,-1,REJECTED,UNCLASSIFIED,LOW,10,2005,,,,,,,12/01/2016,,N,Y,N,Y,N,N,N,N,N,N,,null,N,N,N,N,N,null,null,null,null,N,N,N,N,N,N,null,null,null,N,N,N,N,N,N,N,N,N,N,N,N,N,N,N, 
38468,-1,REJECTED,UNCLASSIFIED,LOW,0,1999,,,,,,,12/01/2016,,Y,Y,N,Y,Y,N,N,N,N,N,,null,N,N,N,N,N,null,null,null,null,N,N,N,N,N,N,null,null,null,N,N,N,N,N,N,N,N,N,N,N,N,N,N,N, 
38469,-1,ACCEPTED,ACCEPTED,LOW,5,1999,Report,,,,,,12/01/2016,,Y,Y,N,N,N,N,N,N,N,N,,Tjaden1999busi,N,N,Y,N,N,4,0,0,graph,N,Y,N,N,N,Y,null,null,null,Y,N,N,N,Y,N,N,N,N,N,Y,N,N,Y,N, 
38470,-1,REJECTED,UNCLASSIFIED,LOW,0,1998,article,,,,,,12/01/2016,,Y,Y,N,N,N,N,N,N,N,N,,Nissen1998rede,N,N,Y,N,N,null,null,null,null,Y,N,N,N,Y,N,null,null,null,Y,N,N,N,Y,N,N,N,N,Y,N,N,N,N,Y, 
45443,-1,ACCEPTED,ACCEPTED,LOW,5,2010,thesis,,,,,,12/07/2016,,Y,Y,N,N,N,N,N,N,N,N,,Kreimeyer2010astr,N,N,N,Y,N,null,null,null,null,Y,N,N,N,Y,N,null,null,null,Y,N,N,N,Y,N,N,N,N,Y,N,N,Y,N,N, 
46440,-1,ACCEPTED,DUPLICATED,LOW,5,2009,,,,,,,12/08/2016,,Y,Y,N,N,N,N,N,N,N,N,,Rolon2009pred,N,Y,N,N,N,null,null,null,null,Y,N,N,N,Y,N,null,null,null,Y,N,N,N,Y,N,N,N,N,Y,N,N,Y,N,N, 
47437,-1,ACCEPTED,DUPLICATED,LOW,10,2005,,,,,,,12/09/2016,,Y,Y,N,N,N,N,N,N,N,N,,Canfora2005,N,N,N,Y,N,null,null,null,null,Y,N,N,N,Y,N,null,null,null,Y,N,N,N,Y,N,N,N,N,Y,N,N,Y,N,N, 
47440,-1,REJECTED,UNCLASSIFIED,LOW,5,2006,InProceedings,,,,,,12/09/2016,,N,Y,N,Y,N,N,N,N,N,N,,null,N,N,N,N,N,null,null,null,null,N,N,N,N,N,N,null,null,null,N,N,N,N,N,N,N,N,N,N,N,N,N,N,N, 
47442,-1,ACCEPTED,DUPLICATED,LOW,5,2008,InProceedings,,,,,,12/09/2016,,Y,Y,N,N,N,N,Y,N,N,N,,Mendling2008a,N,Y,N,N,N,null,null,null,null,Y,N,N,N,Y,N,null,null,null,Y,N,N,N,Y,N,N,N,N,Y,N,N,Y,N,N, 
47443,-1,ACCEPTED,DUPLICATED,LOW,5,2006,Article,,,,,,12/09/2016,,Y,Y,N,N,N,N,N,N,N,N,,Garcia2006fmes,N,Y,N,N,N,null,null,null,null,Y,N,N,N,Y,N,null,null,null,Y,N,N,N,Y,N,N,N,N,Y,N,N,Y,N,N, 
47444,-1,ACCEPTED,DUPLICATED,LOW,5,2004,InProceedings,,,,,,12/09/2016,,Y,Y,N,N,N,N,Y,N,N,N,,Garcia2004fmes,N,Y,N,N,N,null,null,null,null,Y,N,N,N,Y,N,null,null,null,Y,N,N,N,Y,N,N,N,N,Y,N,N,Y,N,N, 
55413,-1,ACCEPTED,ACCEPTED,LOW,5,2003,proceedings,,,,,,12/16/2016,,Y,Y,N,N,N,N,N,N,N,N,,Garcia2003inte,N,N,Y,N,N,9,null,null,null,Y,N,N,N,Y,N,null,null,null,Y,N,N,N,Y,N,N,N,N,Y,N,N,Y,N,N, 
56410,-1,ACCEPTED,DUPLICATED,LOW,10,2004,Procedings,,,,,,12/17/2016,,Y,Y,N,N,N,N,N,N,N,N,,Garcia2004prop,N,N,N,Y,N,null,null,12,ESPM,N,N,Y,N,N,Y,null,18,null,N,N,N,Y,N,N,Y,N,N,N,Y,N,N,Y,N, 
57407,-1,ACCEPTED,DUPLICATED,LOW,5,2009,,,,,,,12/31/2016,,Y,Y,N,N,N,N,N,N,N,N,,Reynoso2009form,N,N,Y,N,N,null,null,57,null,N,N,Y,N,N,Y,null,null,null,Y,N,N,N,Y,N,N,N,N,N,Y,N,N,Y,N, 
57408,-1,ACCEPTED,DUPLICATED,LOW,10,2007,,,,,,,12/31/2016,,Y,Y,N,N,N,N,N,N,N,N,,Mendling2007c,N,N,N,Y,N,null,null,29,null,Y,N,N,N,Y,N,null,null,null,N,N,N,Y,N,Y,N,N,N,N,Y,N,N,Y,N, 
